clave,total,wins,losses,winrate,ajuste_confianza,decision_aprendizaje,activo,direccion,tipo_setup,subtipo_setup,protocolo_sugerido,accion_precio,pa_tipo,tipo_mercado,estado_tendencia,nivel_consenso
SUIUSD-OTC|PUT|SWEEP_BAJISTA|SWEEP_RUPTURA_CONFIRMABLE|PROTOCOLO_SWEEP|PUT_SOPORTE_CERCA_SIN_RUPTURA|SIN_CONTEXTO_CLARO|TENDENCIA_ALCISTA|ALCISTA_NORMAL|MUY_BAJO,4,4,0,100.0,0,MUESTRA_INSUFICIENTE,SUIUSD-OTC,put,SWEEP_BAJISTA,SWEEP_RUPTURA_CONFIRMABLE,PROTOCOLO_SWEEP,PUT_SOPORTE_CERCA_SIN_RUPTURA,SIN_CONTEXTO_CLARO,TENDENCIA_ALCISTA,ALCISTA_NORMAL,MUY_BAJO
FB-OTC|CALL|CHOCH_ALCISTA|CHOCH_CON_PA_A_FAVOR|PROTOCOLO_RUPTURA_RESISTENCIA|CALL_RESISTENCIA_CERCA_SIN_RUPTURA|IMPULSO_ALCISTA_FUERTE|TENDENCIA_ALCISTA|ALCISTA_FUERTE|BUENO,3,2,1,66.67,0,MUESTRA_INSUFICIENTE,FB-OTC,call,CHOCH_ALCISTA,CHOCH_CON_PA_A_FAVOR,PROTOCOLO_RUPTURA_RESISTENCIA,CALL_RESISTENCIA_CERCA_SIN_RUPTURA,IMPULSO_ALCISTA_FUERTE,TENDENCIA_ALCISTA,ALCISTA_FUERTE,BUENO
INJUSD-OTC|PUT|CHOCH_BAJISTA|CHOCH_CON_PA_A_FAVOR|PROTOCOLO_CHOCH|PUT_SOPORTE_CERCA_SIN_RUPTURA|IMPULSO_BAJISTA_FUERTE|TENDENCIA_BAJISTA|BAJISTA_NORMAL|MEDIO,3,1,2,33.33,0,MUESTRA_INSUFICIENTE,INJUSD-OTC,put,CHOCH_BAJISTA,CHOCH_CON_PA_A_FAVOR,PROTOCOLO_CHOCH,PUT_SOPORTE_CERCA_SIN_RUPTURA,IMPULSO_BAJISTA_FUERTE,TENDENCIA_BAJISTA,BAJISTA_NORMAL,MEDIO
EURGBP-OTC|PUT|CONTINUACION|PULLBACK_BALANCE_POSITIVO|PROTOCOLO_PULLBACK|PUT_SOPORTE_CERCA_SIN_RUPTURA|IMPULSO_BAJISTA_FUERTE|TENDENCIA_BAJISTA|BAJISTA_NORMAL|MEDIO,3,1,2,33.33,0,MUESTRA_INSUFICIENTE,EURGBP-OTC,put,CONTINUACION,PULLBACK_BALANCE_POSITIVO,PROTOCOLO_PULLBACK,PUT_SOPORTE_CERCA_SIN_RUPTURA,IMPULSO_BAJISTA_FUERTE,TENDENCIA_BAJISTA,BAJISTA_NORMAL,MEDIO
FETUSD-OTC|PUT|CHOCH_BAJISTA|CHOCH_CON_PA_A_FAVOR|PROTOCOLO_CHOCH|PUT_SOPORTE_CERCA_SIN_RUPTURA|IMPULSO_BAJISTA_FUERTE|TENDENCIA_BAJISTA|BAJISTA_NORMAL|MEDIO,2,2,0,100.0,0,MUESTRA_INSUFICIENTE,FETUSD-OTC,put,CHOCH_BAJISTA,CHOCH_CON_PA_A_FAVOR,PROTOCOLO_CHOCH,PUT_SOPORTE_CERCA_SIN_RUPTURA,IMPULSO_BAJISTA_FUERTE,TENDENCIA_BAJISTA,BAJISTA_NORMAL,MEDIO
USDVND-OTC|PUT|SWEEP_BAJISTA|SWEEP_RUPTURA_CONFIRMABLE|PROTOCOLO_SWEEP|PUT_SOPORTE_CERCA_SIN_RUPTURA|SIN_CONTEXTO_CLARO|TENDENCIA_ALCISTA|ALCISTA_NORMAL|MUY_BAJO,2,2,0,100.0,0,MUESTRA_INSUFICIENTE,USDVND-OTC,put,SWEEP_BAJISTA,SWEEP_RUPTURA_CONFIRMABLE,PROTOCOLO_SWEEP,PUT_SOPORTE_CERCA_SIN_RUPTURA,SIN_CONTEXTO_CLARO,TENDENCIA_ALCISTA,ALCISTA_NORMAL,MUY_BAJO
CARDANO-OTC|CALL|CONTINUACION|PULLBACK_TENDENCIA_INSUFICIENTE|PROTOCOLO_PULLBACK|RECHAZO_COMPRADOR_SOPORTE|SIN_CONTEXTO_CLARO|TENDENCIA_ALCISTA|ALCISTA_FUERTE|MEDIO,2,2,0,100.0,0,MUESTRA_INSUFICIENTE,CARDANO-OTC,call,CONTINUACION,PULLBACK_TENDENCIA_INSUFICIENTE,PROTOCOLO_PULLBACK,RECHAZO_COMPRADOR_SOPORTE,SIN_CONTEXTO_CLARO,TENDENCIA_ALCISTA,ALCISTA_FUERTE,MEDIO
AUDUSD-OTC|PUT|CHOCH_BAJISTA|CHOCH_CON_PA_A_FAVOR|PROTOCOLO_CHOCH|PUT_SOPORTE_CERCA_SIN_RUPTURA|IMPULSO_BAJISTA_FUERTE|TENDENCIA_BAJISTA|BAJISTA_NORMAL|MEDIO,2,1,1,50.0,0,MUESTRA_INSUFICIENTE,AUDUSD-OTC,put,CHOCH_BAJISTA,CHOCH_CON_PA_A_FAVOR,PROTOCOLO_CHOCH,PUT_SOPORTE_CERCA_SIN_RUPTURA,IMPULSO_BAJISTA_FUERTE,TENDENCIA_BAJISTA,BAJISTA_NORMAL,MEDIO
ONDOUSD-OTC|CALL|CHOCH_ALCISTA|CHOCH_CON_PA_A_FAVOR|PROTOCOLO_RUPTURA_RESISTENCIA|CALL_RESISTENCIA_CERCA_SIN_RUPTURA|IMPULSO_ALCISTA_FUERTE|TENDENCIA_ALCISTA|ALCISTA_NORMAL|MEDIO,2,1,1,50.0,0,MUESTRA_INSUFICIENTE,ONDOUSD-OTC,call,CHOCH_ALCISTA,CHOCH_CON_PA_A_FAVOR,PROTOCOLO_RUPTURA_RESISTENCIA,CALL_RESISTENCIA_CERCA_SIN_RUPTURA,IMPULSO_ALCISTA_FUERTE,TENDENCIA_ALCISTA,ALCISTA_NORMAL,MEDIO
AIRLINES-OTC|PUT|CHOCH_BAJISTA|CHOCH_CON_PA_A_FAVOR|PROTOCOLO_CHOCH|PUT_SOPORTE_CERCA_SIN_RUPTURA|IMPULSO_BAJISTA_FUERTE|TENDENCIA_BAJISTA|BAJISTA_NORMAL|MEDIO,2,1,1,50.0,0,MUESTRA_INSUFICIENTE,AIRLINES-OTC,put,CHOCH_BAJISTA,CHOCH_CON_PA_A_FAVOR,PROTOCOLO_CHOCH,PUT_SOPORTE_CERCA_SIN_RUPTURA,IMPULSO_BAJISTA_FUERTE,TENDENCIA_BAJISTA,BAJISTA_NORMAL,MEDIO
CARDANO-OTC|PUT|CHOCH_BAJISTA|CHOCH_CON_PA_A_FAVOR|PROTOCOLO_CHOCH|PUT_SOPORTE_CERCA_SIN_RUPTURA|IMPULSO_BAJISTA_FUERTE|TENDENCIA_BAJISTA|BAJISTA_NORMAL|BUENO,2,1,1,50.0,0,MUESTRA_INSUFICIENTE,CARDANO-OTC,put,CHOCH_BAJISTA,CHOCH_CON_PA_A_FAVOR,PROTOCOLO_CHOCH,PUT_SOPORTE_CERCA_SIN_RUPTURA,IMPULSO_BAJISTA_FUERTE,TENDENCIA_BAJISTA,BAJISTA_NORMAL,BUENO
EURUSD-OTC|PUT|SWEEP_BAJISTA|SWEEP_RUPTURA_CONFIRMABLE|PROTOCOLO_SWEEP|PUT_SOPORTE_CERCA_SIN_RUPTURA|SIN_CONTEXTO_CLARO|TENDENCIA_ALCISTA|ALCISTA_FUERTE|MUY_BAJO,2,1,1,50.0,0,MUESTRA_INSUFICIENTE,EURUSD-OTC,put,SWEEP_BAJISTA,SWEEP_RUPTURA_CONFIRMABLE,PROTOCOLO_SWEEP,PUT_SOPORTE_CERCA_SIN_RUPTURA,SIN_CONTEXTO_CLARO,TENDENCIA_ALCISTA,ALCISTA_FUERTE,MUY_BAJO
INJUSD-OTC|PUT|REVERSION_BAJISTA|SWEEP_RUPTURA_CONFIRMABLE|PROTOCOLO_SWEEP|PUT_SOPORTE_CERCA_SIN_RUPTURA|SIN_CONTEXTO_CLARO|TENDENCIA_ALCISTA|ALCISTA_NORMAL|MUY_BAJO,2,1,1,50.0,0,MUESTRA_INSUFICIENTE,INJUSD-OTC,put,REVERSION_BAJISTA,SWEEP_RUPTURA_CONFIRMABLE,PROTOCOLO_SWEEP,PUT_SOPORTE_CERCA_SIN_RUPTURA,SIN_CONTEXTO_CLARO,TENDENCIA_ALCISTA,ALCISTA_NORMAL,MUY_BAJO
SUIUSD-OTC|CALL|CHOCH_ALCISTA|CHOCH_CON_PA_A_FAVOR|PROTOCOLO_RUPTURA_RESISTENCIA|CALL_RESISTENCIA_CERCA_SIN_RUPTURA|IMPULSO_ALCISTA_FUERTE|TENDENCIA_ALCISTA|ALCISTA_FUERTE|BUENO,2,1,1,50.0,0,MUESTRA_INSUFICIENTE,SUIUSD-OTC,call,CHOCH_ALCISTA,CHOCH_CON_PA_A_FAVOR,PROTOCOLO_RUPTURA_RESISTENCIA,CALL_RESISTENCIA_CERCA_SIN_RUPTURA,IMPULSO_ALCISTA_FUERTE,TENDENCIA_ALCISTA,ALCISTA_FUERTE,BUENO
EU50-OTC|PUT|SWEEP_BAJISTA|SWEEP_RUPTURA_CONFIRMABLE|PROTOCOLO_SWEEP|PUT_SOPORTE_CERCA_SIN_RUPTURA|SIN_CONTEXTO_CLARO|TENDENCIA_BAJISTA|BAJISTA_NORMAL|MUY_BAJO,2,1,1,50.0,0,MUESTRA_INSUFICIENTE,EU50-OTC,put,SWEEP_BAJISTA,SWEEP_RUPTURA_CONFIRMABLE,PROTOCOLO_SWEEP,PUT_SOPORTE_CERCA_SIN_RUPTURA,SIN_CONTEXTO_CLARO,TENDENCIA_BAJISTA,BAJISTA_NORMAL,MUY_BAJO
INJUSD-OTC|PUT|SWEEP_BAJISTA|SWEEP_RUPTURA_CONFIRMABLE|PROTOCOLO_SWEEP|PUT_SOPORTE_CERCA_SIN_RUPTURA|SIN_CONTEXTO_CLARO|TENDENCIA_ALCISTA|ALCISTA_NORMAL|MUY_BAJO,2,1,1,50.0,0,MUESTRA_INSUFICIENTE,INJUSD-OTC,put,SWEEP_BAJISTA,SWEEP_RUPTURA_CONFIRMABLE,PROTOCOLO_SWEEP,PUT_SOPORTE_CERCA_SIN_RUPTURA,SIN_CONTEXTO_CLARO,TENDENCIA_ALCISTA,ALCISTA_NORMAL,MUY_BAJO
INJUSD-OTC|PUT|CHOCH_BAJISTA|CHOCH_CON_PA_A_FAVOR|PROTOCOLO_CHOCH|PUT_ZONA_NEUTRA|IMPULSO_BAJISTA_FUERTE|TENDENCIA_BAJISTA|BAJISTA_NORMAL|ALTO,2,1,1,50.0,0,MUESTRA_INSUFICIENTE,INJUSD-OTC,put,CHOCH_BAJISTA,CHOCH_CON_PA_A_FAVOR,PROTOCOLO_CHOCH,PUT_ZONA_NEUTRA,IMPULSO_BAJISTA_FUERTE,TENDENCIA_BAJISTA,BAJISTA_NORMAL,ALTO
ONDOUSD-OTC|PUT|CHOCH_BAJISTA|CHOCH_CON_PA_A_FAVOR|PROTOCOLO_CHOCH|PUT_SOPORTE_CERCA_SIN_RUPTURA|IMPULSO_BAJISTA_FUERTE|TENDENCIA_BAJISTA|BAJISTA_NORMAL|BUENO,2,1,1,50.0,0,MUESTRA_INSUFICIENTE,ONDOUSD-OTC,put,CHOCH_BAJISTA,CHOCH_CON_PA_A_FAVOR,PROTOCOLO_CHOCH,PUT_SOPORTE_CERCA_SIN_RUPTURA,IMPULSO_BAJISTA_FUERTE,TENDENCIA_BAJISTA,BAJISTA_NORMAL,BUENO
SUIUSD-OTC|PUT|SWEEP_BAJISTA|SWEEP_RUPTURA_CONFIRMABLE|PROTOCOLO_SWEEP|PUT_SOPORTE_CERCA_SIN_RUPTURA|SIN_CONTEXTO_CLARO|TENDENCIA_ALCISTA|ALCISTA_FUERTE|MUY_BAJO,2,1,1,50.0,0,MUESTRA_INSUFICIENTE,SUIUSD-OTC,put,SWEEP_BAJISTA,SWEEP_RUPTURA_CONFIRMABLE,PROTOCOLO_SWEEP,PUT_SOPORTE_CERCA_SIN_RUPTURA,SIN_CONTEXTO_CLARO,TENDENCIA_ALCISTA,ALCISTA_FUERTE,MUY_BAJO
CARDANO-OTC|PUT|SWEEP_BAJISTA|SWEEP_RUPTURA_CONFIRMABLE|PROTOCOLO_SWEEP|PUT_SOPORTE_CERCA_SIN_RUPTURA|SIN_CONTEXTO_CLARO|TENDENCIA_ALCISTA|ALCISTA_FUERTE|MUY_BAJO,2,1,1,50.0,0,MUESTRA_INSUFICIENTE,CARDANO-OTC,put,SWEEP_BAJISTA,SWEEP_RUPTURA_CONFIRMABLE,PROTOCOLO_SWEEP,PUT_SOPORTE_CERCA_SIN_RUPTURA,SIN_CONTEXTO_CLARO,TENDENCIA_ALCISTA,ALCISTA_FUERTE,MUY_BAJO
COCOA-OTC|PUT|SWEEP_BAJISTA|SWEEP_RUPTURA_CONFIRMABLE|PROTOCOLO_SWEEP|PUT_SOPORTE_CERCA_SIN_RUPTURA|SIN_CONTEXTO_CLARO|TENDENCIA_ALCISTA|ALCISTA_FUERTE|MUY_BAJO,2,1,1,50.0,0,MUESTRA_INSUFICIENTE,COCOA-OTC,put,SWEEP_BAJISTA,SWEEP_RUPTURA_CONFIRMABLE,PROTOCOLO_SWEEP,PUT_SOPORTE_CERCA_SIN_RUPTURA,SIN_CONTEXTO_CLARO,TENDENCIA_ALCISTA,ALCISTA_FUERTE,MUY_BAJO
CADJPY-OTC|PUT|CHOCH_BAJISTA|CHOCH_CON_PA_A_FAVOR|PROTOCOLO_CHOCH|PUT_SOPORTE_CERCA_SIN_RUPTURA|IMPULSO_BAJISTA_FUERTE|TENDENCIA_BAJISTA|BAJISTA_FUERTE|BUENO,2,1,1,50.0,0,MUESTRA_INSUFICIENTE,CADJPY-OTC,put,CHOCH_BAJISTA,CHOCH_CON_PA_A_FAVOR,PROTOCOLO_CHOCH,PUT_SOPORTE_CERCA_SIN_RUPTURA,IMPULSO_BAJISTA_FUERTE,TENDENCIA_BAJISTA,BAJISTA_FUERTE,BUENO
EURTHB-OTC|PUT|CHOCH_BAJISTA|CHOCH_CON_PA_A_FAVOR|PROTOCOLO_CHOCH|PUT_SOPORTE_CERCA_SIN_RUPTURA|IMPULSO_BAJISTA_FUERTE|TENDENCIA_BAJISTA|BAJISTA_NORMAL|MEDIO,2,0,2,0.0,0,MUESTRA_INSUFICIENTE,EURTHB-OTC,put,CHOCH_BAJISTA,CHOCH_CON_PA_A_FAVOR,PROTOCOLO_CHOCH,PUT_SOPORTE_CERCA_SIN_RUPTURA,IMPULSO_BAJISTA_FUERTE,TENDENCIA_BAJISTA,BAJISTA_NORMAL,MEDIO
COCOA-OTC|PUT|CONTINUACION|PULLBACK_BALANCE_POSITIVO|PROTOCOLO_PULLBACK|PUT_SOPORTE_CERCA_SIN_RUPTURA|IMPULSO_BAJISTA_FUERTE|TENDENCIA_BAJISTA|BAJISTA_NORMAL|MEDIO,2,0,2,0.0,0,MUESTRA_INSUFICIENTE,COCOA-OTC,put,CONTINUACION,PULLBACK_BALANCE_POSITIVO,PROTOCOLO_PULLBACK,PUT_SOPORTE_CERCA_SIN_RUPTURA,IMPULSO_BAJISTA_FUERTE,TENDENCIA_BAJISTA,BAJISTA_NORMAL,MEDIO
FB-OTC|PUT|SWEEP_BAJISTA|SWEEP_RUPTURA_CONFIRMABLE|PROTOCOLO_SWEEP|PUT_SOPORTE_CERCA_SIN_RUPTURA|SIN_CONTEXTO_CLARO|TENDENCIA_BAJISTA|BAJISTA_NORMAL|MUY_BAJO,2,0,2,0.0,0,MUESTRA_INSUFICIENTE,FB-OTC,put,SWEEP_BAJISTA,SWEEP_RUPTURA_CONFIRMABLE,PROTOCOLO_SWEEP,PUT_SOPORTE_CERCA_SIN_RUPTURA,SIN_CONTEXTO_CLARO,TENDENCIA_BAJISTA,BAJISTA_NORMAL,MUY_BAJO
EURGBP-OTC|PUT|SWEEP_BAJISTA|SWEEP_RUPTURA_CONFIRMABLE|PROTOCOLO_SWEEP|PUT_SOPORTE_CERCA_SIN_RUPTURA|SIN_CONTEXTO_CLARO|TENDENCIA_ALCISTA|ALCISTA_FUERTE|MUY_BAJO,2,0,2,0.0,0,MUESTRA_INSUFICIENTE,EURGBP-OTC,put,SWEEP_BAJISTA,SWEEP_RUPTURA_CONFIRMABLE,PROTOCOLO_SWEEP,PUT_SOPORTE_CERCA_SIN_RUPTURA,SIN_CONTEXTO_CLARO,TENDENCIA_ALCISTA,ALCISTA_FUERTE,MUY_BAJO
CARDANO-OTC|CALL|SWEEP_ALCISTA|SWEEP_SIMPLE|PROTOCOLO_SWEEP|RECHAZO_COMPRADOR_SOPORTE|SIN_CONTEXTO_CLARO|TENDENCIA_BAJISTA|BAJISTA_NORMAL|MUY_BAJO,2,0,2,0.0,0,MUESTRA_INSUFICIENTE,CARDANO-OTC,call,SWEEP_ALCISTA,SWEEP_SIMPLE,PROTOCOLO_SWEEP,RECHAZO_COMPRADOR_SOPORTE,SIN_CONTEXTO_CLARO,TENDENCIA_BAJISTA,BAJISTA_NORMAL,MUY_BAJO
FARTCOINUSD-OTC|PUT|SWEEP_BAJISTA|SWEEP_RUPTURA_CONFIRMABLE|PROTOCOLO_SWEEP|PUT_SOPORTE_CERCA_SIN_RUPTURA|SIN_CONTEXTO_CLARO|TENDENCIA_ALCISTA|ALCISTA_NORMAL|MUY_BAJO,2,0,2,0.0,0,MUESTRA_INSUFICIENTE,FARTCOINUSD-OTC,put,SWEEP_BAJISTA,SWEEP_RUPTURA_CONFIRMABLE,PROTOCOLO_SWEEP,PUT_SOPORTE_CERCA_SIN_RUPTURA,SIN_CONTEXTO_CLARO,TENDENCIA_ALCISTA,ALCISTA_NORMAL,MUY_BAJO
EURUSD-OTC|PUT|CHOCH_BAJISTA|CHOCH_CON_PA_A_FAVOR|PROTOCOLO_CHOCH|PUT_SOPORTE_CERCA_SIN_RUPTURA|IMPULSO_BAJISTA_FUERTE|TENDENCIA_BAJISTA|BAJISTA_NORMAL|BUENO,2,0,2,0.0,0,MUESTRA_INSUFICIENTE,EURUSD-OTC,put,CHOCH_BAJISTA,CHOCH_CON_PA_A_FAVOR,PROTOCOLO_CHOCH,PUT_SOPORTE_CERCA_SIN_RUPTURA,IMPULSO_BAJISTA_FUERTE,TENDENCIA_BAJISTA,BAJISTA_NORMAL,BUENO
FETUSD-OTC|PUT|REVERSION_BAJISTA|SWEEP_RUPTURA_CONFIRMABLE|PROTOCOLO_SWEEP|PUT_SOPORTE_CERCA_SIN_RUPTURA|SIN_CONTEXTO_CLARO|TENDENCIA_ALCISTA|ALCISTA_NORMAL|MUY_BAJO,2,0,2,0.0,0,MUESTRA_INSUFICIENTE,FETUSD-OTC,put,REVERSION_BAJISTA,SWEEP_RUPTURA_CONFIRMABLE,PROTOCOLO_SWEEP,PUT_SOPORTE_CERCA_SIN_RUPTURA,SIN_CONTEXTO_CLARO,TENDENCIA_ALCISTA,ALCISTA_NORMAL,MUY_BAJO
FB-OTC|CALL|CHOCH_ALCISTA|CHOCH_CON_PA_A_FAVOR|PROTOCOLO_RUPTURA_RESISTENCIA|CALL_RESISTENCIA_CERCA_SIN_RUPTURA|IMPULSO_ALCISTA_FUERTE|TENDENCIA_ALCISTA|ALCISTA_NORMAL|BUENO,2,0,2,0.0,0,MUESTRA_INSUFICIENTE,FB-OTC,call,CHOCH_ALCISTA,CHOCH_CON_PA_A_FAVOR,PROTOCOLO_RUPTURA_RESISTENCIA,CALL_RESISTENCIA_CERCA_SIN_RUPTURA,IMPULSO_ALCISTA_FUERTE,TENDENCIA_ALCISTA,ALCISTA_NORMAL,BUENO
EURGBP-OTC|PUT|CONTINUACION|PULLBACK_TENDENCIA_INSUFICIENTE|PROTOCOLO_PULLBACK|RECHAZO_VENDEDOR_RESISTENCIA|SIN_CONTEXTO_CLARO|TENDENCIA_BAJISTA|BAJISTA_NORMAL|MEDIO,2,0,2,0.0,0,MUESTRA_INSUFICIENTE,EURGBP-OTC,put,CONTINUACION,PULLBACK_TENDENCIA_INSUFICIENTE,PROTOCOLO_PULLBACK,RECHAZO_VENDEDOR_RESISTENCIA,SIN_CONTEXTO_CLARO,TENDENCIA_BAJISTA,BAJISTA_NORMAL,MEDIO
EURUSD-OTC|PUT|SWEEP_BAJISTA|SWEEP_SIMPLE|PROTOCOLO_SWEEP|RECHAZO_VENDEDOR_RESISTENCIA|SIN_CONTEXTO_CLARO|RANGO|BAJISTA_DEBIL|BAJO,1,1,0,100.0,0,MUESTRA_INSUFICIENTE,EURUSD-OTC,put,SWEEP_BAJISTA,SWEEP_SIMPLE,PROTOCOLO_SWEEP,RECHAZO_VENDEDOR_RESISTENCIA,SIN_CONTEXTO_CLARO,RANGO,BAJISTA_DEBIL,BAJO
AIRLINES-OTC|PUT|CONTINUACION|PULLBACK_BALANCE_POSITIVO|PROTOCOLO_PULLBACK|PUT_SOPORTE_CERCA_SIN_RUPTURA|IMPULSO_BAJISTA_FUERTE|TENDENCIA_BAJISTA|BAJISTA_NORMAL|MEDIO,1,1,0,100.0,0,MUESTRA_INSUFICIENTE,AIRLINES-OTC,put,CONTINUACION,PULLBACK_BALANCE_POSITIVO,PROTOCOLO_PULLBACK,PUT_SOPORTE_CERCA_SIN_RUPTURA,IMPULSO_BAJISTA_FUERTE,TENDENCIA_BAJISTA,BAJISTA_NORMAL,MEDIO
EURGBP-OTC|CALL|CHOCH_ALCISTA|CHOCH_CON_PA_A_FAVOR|PROTOCOLO_CHOCH|CALL_ZONA_NEUTRA|RECHAZO_COMPRADOR_CONFIRMADO|TENDENCIA_ALCISTA|ALCISTA_NORMAL|PREMIUM,1,1,0,100.0,0,MUESTRA_INSUFICIENTE,EURGBP-OTC,call,CHOCH_ALCISTA,CHOCH_CON_PA_A_FAVOR,PROTOCOLO_CHOCH,CALL_ZONA_NEUTRA,RECHAZO_COMPRADOR_CONFIRMADO,TENDENCIA_ALCISTA,ALCISTA_NORMAL,PREMIUM
SATSUSD-OTC|CALL|SWEEP_ALCISTA|SWEEP_SIMPLE|PROTOCOLO_SWEEP|RECHAZO_COMPRADOR_SOPORTE|SIN_CONTEXTO_CLARO|RANGO|BAJISTA_DEBIL|MUY_BAJO,1,1,0,100.0,0,MUESTRA_INSUFICIENTE,SATSUSD-OTC,call,SWEEP_ALCISTA,SWEEP_SIMPLE,PROTOCOLO_SWEEP,RECHAZO_COMPRADOR_SOPORTE,SIN_CONTEXTO_CLARO,RANGO,BAJISTA_DEBIL,MUY_BAJO
CADJPY-OTC|CALL|SWEEP_ALCISTA|SWEEP_SIMPLE|PROTOCOLO_SWEEP|CALL_ZONA_NEUTRA|SIN_CONTEXTO_CLARO|TENDENCIA_BAJISTA|BAJISTA_FUERTE|MUY_BAJO,1,1,0,100.0,0,MUESTRA_INSUFICIENTE,CADJPY-OTC,call,SWEEP_ALCISTA,SWEEP_SIMPLE,PROTOCOLO_SWEEP,CALL_ZONA_NEUTRA,SIN_CONTEXTO_CLARO,TENDENCIA_BAJISTA,BAJISTA_FUERTE,MUY_BAJO
CADJPY-OTC|PUT|SWEEP_BAJISTA|SWEEP_RUPTURA_CONFIRMABLE|PROTOCOLO_SWEEP|PUT_SOPORTE_CERCA_SIN_RUPTURA|SIN_CONTEXTO_CLARO|TENDENCIA_ALCISTA|ALCISTA_NORMAL|MUY_BAJO,1,1,0,100.0,0,MUESTRA_INSUFICIENTE,CADJPY-OTC,put,SWEEP_BAJISTA,SWEEP_RUPTURA_CONFIRMABLE,PROTOCOLO_SWEEP,PUT_SOPORTE_CERCA_SIN_RUPTURA,SIN_CONTEXTO_CLARO,TENDENCIA_ALCISTA,ALCISTA_NORMAL,MUY_BAJO
EU50-OTC|CALL|CONTINUACION|ZONA_GENERICA|PROTOCOLO_REACCION_ZONA|RECHAZO_COMPRADOR_SOPORTE|IMPULSO_ALCISTA_FUERTE|TENDENCIA_ALCISTA|ALCISTA_NORMAL|ALTO,1,1,0,100.0,0,MUESTRA_INSUFICIENTE,EU50-OTC,call,CONTINUACION,ZONA_GENERICA,PROTOCOLO_REACCION_ZONA,RECHAZO_COMPRADOR_SOPORTE,IMPULSO_ALCISTA_FUERTE,TENDENCIA_ALCISTA,ALCISTA_NORMAL,ALTO
ONDOUSD-OTC|PUT|CHOCH_BAJISTA|CHOCH_CON_PA_A_FAVOR|PROTOCOLO_CHOCH|PUT_SOPORTE_CERCA_SIN_RUPTURA|RECHAZO_VENDEDOR_CONFIRMADO|TENDENCIA_BAJISTA|BAJISTA_NORMAL|BUENO,1,1,0,100.0,0,MUESTRA_INSUFICIENTE,ONDOUSD-OTC,put,CHOCH_BAJISTA,CHOCH_CON_PA_A_FAVOR,PROTOCOLO_CHOCH,PUT_SOPORTE_CERCA_SIN_RUPTURA,RECHAZO_VENDEDOR_CONFIRMADO,TENDENCIA_BAJISTA,BAJISTA_NORMAL,BUENO
NZDCAD-OTC|PUT|SWEEP_BAJISTA|SWEEP_RUPTURA_CONFIRMABLE|PROTOCOLO_SWEEP|PUT_SOPORTE_CERCA_SIN_RUPTURA|SIN_CONTEXTO_CLARO|TENDENCIA_ALCISTA|ALCISTA_NORMAL|MUY_BAJO,1,1,0,100.0,0,MUESTRA_INSUFICIENTE,NZDCAD-OTC,put,SWEEP_BAJISTA,SWEEP_RUPTURA_CONFIRMABLE,PROTOCOLO_SWEEP,PUT_SOPORTE_CERCA_SIN_RUPTURA,SIN_CONTEXTO_CLARO,TENDENCIA_ALCISTA,ALCISTA_NORMAL,MUY_BAJO
MSFT-OTC|PUT|SWEEP_BAJISTA|SWEEP_RUPTURA_CONFIRMABLE|PROTOCOLO_SWEEP|PUT_SOPORTE_CERCA_SIN_RUPTURA|SIN_CONTEXTO_CLARO|TENDENCIA_ALCISTA|ALCISTA_DEBIL|MUY_BAJO,1,1,0,100.0,0,MUESTRA_INSUFICIENTE,MSFT-OTC,put,SWEEP_BAJISTA,SWEEP_RUPTURA_CONFIRMABLE,PROTOCOLO_SWEEP,PUT_SOPORTE_CERCA_SIN_RUPTURA,SIN_CONTEXTO_CLARO,TENDENCIA_ALCISTA,ALCISTA_DEBIL,MUY_BAJO
AUDUSD-OTC|PUT|REVERSION_BAJISTA|SWEEP_SIMPLE|PROTOCOLO_SWEEP|RECHAZO_VENDEDOR_RESISTENCIA|SIN_CONTEXTO_CLARO|RANGO|ALCISTA_DEBIL|MUY_BAJO,1,1,0,100.0,0,MUESTRA_INSUFICIENTE,AUDUSD-OTC,put,REVERSION_BAJISTA,SWEEP_SIMPLE,PROTOCOLO_SWEEP,RECHAZO_VENDEDOR_RESISTENCIA,SIN_CONTEXTO_CLARO,RANGO,ALCISTA_DEBIL,MUY_BAJO
ONDOUSD-OTC|PUT|SWEEP_BAJISTA|SWEEP_RUPTURA_CONFIRMABLE|PROTOCOLO_SWEEP|PUT_SOPORTE_CERCA_SIN_RUPTURA|SIN_CONTEXTO_CLARO|TENDENCIA_ALCISTA|ALCISTA_FUERTE|MUY_BAJO,1,1,0,100.0,0,MUESTRA_INSUFICIENTE,ONDOUSD-OTC,put,SWEEP_BAJISTA,SWEEP_RUPTURA_CONFIRMABLE,PROTOCOLO_SWEEP,PUT_SOPORTE_CERCA_SIN_RUPTURA,SIN_CONTEXTO_CLARO,TENDENCIA_ALCISTA,ALCISTA_FUERTE,MUY_BAJO
EU50-OTC|PUT|SWEEP_BAJISTA|SWEEP_RUPTURA_CONFIRMABLE|PROTOCOLO_SWEEP|PUT_SOPORTE_CERCA_SIN_RUPTURA|SIN_CONTEXTO_CLARO|TENDENCIA_ALCISTA|ALCISTA_DEBIL|MUY_BAJO,1,1,0,100.0,0,MUESTRA_INSUFICIENTE,EU50-OTC,put,SWEEP_BAJISTA,SWEEP_RUPTURA_CONFIRMABLE,PROTOCOLO_SWEEP,PUT_SOPORTE_CERCA_SIN_RUPTURA,SIN_CONTEXTO_CLARO,TENDENCIA_ALCISTA,ALCISTA_DEBIL,MUY_BAJO
USDVND-OTC|CALL|CHOCH_ALCISTA|CHOCH_CON_PA_A_FAVOR|PROTOCOLO_RUPTURA_RESISTENCIA|CALL_RESISTENCIA_CERCA_SIN_RUPTURA|IMPULSO_ALCISTA_FUERTE|TENDENCIA_ALCISTA|ALCISTA_FUERTE|BUENO,1,1,0,100.0,0,MUESTRA_INSUFICIENTE,USDVND-OTC,call,CHOCH_ALCISTA,CHOCH_CON_PA_A_FAVOR,PROTOCOLO_RUPTURA_RESISTENCIA,CALL_RESISTENCIA_CERCA_SIN_RUPTURA,IMPULSO_ALCISTA_FUERTE,TENDENCIA_ALCISTA,ALCISTA_FUERTE,BUENO
CADJPY-OTC|PUT|SWEEP_BAJISTA|SWEEP_RUPTURA_CONFIRMABLE|PROTOCOLO_SWEEP|PUT_SOPORTE_CERCA_SIN_RUPTURA|SIN_CONTEXTO_CLARO|RANGO|BAJISTA_DEBIL|MUY_BAJO,1,1,0,100.0,0,MUESTRA_INSUFICIENTE,CADJPY-OTC,put,SWEEP_BAJISTA,SWEEP_RUPTURA_CONFIRMABLE,PROTOCOLO_SWEEP,PUT_SOPORTE_CERCA_SIN_RUPTURA,SIN_CONTEXTO_CLARO,RANGO,BAJISTA_DEBIL,MUY_BAJO
CADJPY-OTC|PUT|CONTINUACION|PULLBACK_BALANCE_POSITIVO|PROTOCOLO_PULLBACK|RECHAZO_VENDEDOR_RESISTENCIA|IMPULSO_BAJISTA_FUERTE|TENDENCIA_BAJISTA|BAJISTA_NORMAL|PREMIUM,1,1,0,100.0,0,MUESTRA_INSUFICIENTE,CADJPY-OTC,put,CONTINUACION,PULLBACK_BALANCE_POSITIVO,PROTOCOLO_PULLBACK,RECHAZO_VENDEDOR_RESISTENCIA,IMPULSO_BAJISTA_FUERTE,TENDENCIA_BAJISTA,BAJISTA_NORMAL,PREMIUM
FETUSD-OTC|PUT|CONTINUACION|PULLBACK_BALANCE_POSITIVO|PROTOCOLO_PULLBACK|PUT_SOPORTE_CERCA_SIN_RUPTURA|IMPULSO_BAJISTA_FUERTE|TENDENCIA_BAJISTA|BAJISTA_NORMAL|MEDIO,1,1,0,100.0,0,MUESTRA_INSUFICIENTE,FETUSD-OTC,put,CONTINUACION,PULLBACK_BALANCE_POSITIVO,PROTOCOLO_PULLBACK,PUT_SOPORTE_CERCA_SIN_RUPTURA,IMPULSO_BAJISTA_FUERTE,TENDENCIA_BAJISTA,BAJISTA_NORMAL,MEDIO
COCOA-OTC|CALL|CONTINUACION|ZONA_GENERICA|PROTOCOLO_REACCION_ZONA|RECHAZO_COMPRADOR_SOPORTE|IMPULSO_ALCISTA_FUERTE|TENDENCIA_ALCISTA|ALCISTA_NORMAL|ALTO,1,1,0,100.0,0,MUESTRA_INSUFICIENTE,COCOA-OTC,call,CONTINUACION,ZONA_GENERICA,PROTOCOLO_REACCION_ZONA,RECHAZO_COMPRADOR_SOPORTE,IMPULSO_ALCISTA_FUERTE,TENDENCIA_ALCISTA,ALCISTA_NORMAL,ALTO
CADJPY-OTC|PUT|CHOCH_BAJISTA|CHOCH_CON_PA_A_FAVOR|PROTOCOLO_CHOCH|PUT_SOPORTE_CERCA_SIN_RUPTURA|IMPULSO_BAJISTA_FUERTE|TENDENCIA_BAJISTA|BAJISTA_DEBIL|BUENO,1,1,0,100.0,0,MUESTRA_INSUFICIENTE,CADJPY-OTC,put,CHOCH_BAJISTA,CHOCH_CON_PA_A_FAVOR,PROTOCOLO_CHOCH,PUT_SOPORTE_CERCA_SIN_RUPTURA,IMPULSO_BAJISTA_FUERTE,TENDENCIA_BAJISTA,BAJISTA_DEBIL,BUENO
FARTCOINUSD-OTC|PUT|SWEEP_BAJISTA|SWEEP_RUPTURA_CONFIRMABLE|PROTOCOLO_SWEEP|PUT_SOPORTE_CERCA_SIN_RUPTURA|SIN_CONTEXTO_CLARO|TENDENCIA_ALCISTA|ALCISTA_FUERTE|MUY_BAJO,1,1,0,100.0,0,MUESTRA_INSUFICIENTE,FARTCOINUSD-OTC,put,SWEEP_BAJISTA,SWEEP_RUPTURA_CONFIRMABLE,PROTOCOLO_SWEEP,PUT_SOPORTE_CERCA_SIN_RUPTURA,SIN_CONTEXTO_CLARO,TENDENCIA_ALCISTA,ALCISTA_FUERTE,MUY_BAJO
INJUSD-OTC|PUT|INDEFINIDO|ZONA_RECHAZO_CONFIRMADO|PROTOCOLO_REACCION_ZONA|PUT_SOPORTE_CERCA_SIN_RUPTURA|RECHAZO_VENDEDOR_CONFIRMADO|TENDENCIA_ALCISTA|ALCISTA_NORMAL|BAJO,1,1,0,100.0,0,MUESTRA_INSUFICIENTE,INJUSD-OTC,put,INDEFINIDO,ZONA_RECHAZO_CONFIRMADO,PROTOCOLO_REACCION_ZONA,PUT_SOPORTE_CERCA_SIN_RUPTURA,RECHAZO_VENDEDOR_CONFIRMADO,TENDENCIA_ALCISTA,ALCISTA_NORMAL,BAJO
EURTHB-OTC|PUT|SWEEP_BAJISTA|SWEEP_RUPTURA_CONFIRMABLE|PROTOCOLO_SWEEP|PUT_SOPORTE_CERCA_SIN_RUPTURA|SIN_CONTEXTO_CLARO|TENDENCIA_ALCISTA|ALCISTA_NORMAL|MUY_BAJO,1,1,0,100.0,0,MUESTRA_INSUFICIENTE,EURTHB-OTC,put,SWEEP_BAJISTA,SWEEP_RUPTURA_CONFIRMABLE,PROTOCOLO_SWEEP,PUT_SOPORTE_CERCA_SIN_RUPTURA,SIN_CONTEXTO_CLARO,TENDENCIA_ALCISTA,ALCISTA_NORMAL,MUY_BAJO
CADJPY-OTC|PUT|SWEEP_BAJISTA|SWEEP_RUPTURA_CONFIRMABLE|PROTOCOLO_SWEEP|PUT_SOPORTE_CERCA_SIN_RUPTURA|SIN_CONTEXTO_CLARO|TENDENCIA_ALCISTA|ALCISTA_DEBIL|MUY_BAJO,1,1,0,100.0,0,MUESTRA_INSUFICIENTE,CADJPY-OTC,put,SWEEP_BAJISTA,SWEEP_RUPTURA_CONFIRMABLE,PROTOCOLO_SWEEP,PUT_SOPORTE_CERCA_SIN_RUPTURA,SIN_CONTEXTO_CLARO,TENDENCIA_ALCISTA,ALCISTA_DEBIL,MUY_BAJO
USDVND-OTC|CALL|CONTINUACION|PULLBACK_TENDENCIA_INSUFICIENTE|PROTOCOLO_RUPTURA_RESISTENCIA|CALL_RESISTENCIA_CERCA_SIN_RUPTURA|IMPULSO_ALCISTA_FUERTE|TENDENCIA_ALCISTA|ALCISTA_FUERTE|MEDIO,1,1,0,100.0,0,MUESTRA_INSUFICIENTE,USDVND-OTC,call,CONTINUACION,PULLBACK_TENDENCIA_INSUFICIENTE,PROTOCOLO_RUPTURA_RESISTENCIA,CALL_RESISTENCIA_CERCA_SIN_RUPTURA,IMPULSO_ALCISTA_FUERTE,TENDENCIA_ALCISTA,ALCISTA_FUERTE,MEDIO
INJUSD-OTC|PUT|REVERSION_BAJISTA|SWEEP_SIMPLE|PROTOCOLO_SWEEP|RECHAZO_VENDEDOR_RESISTENCIA|SIN_CONTEXTO_CLARO|TENDENCIA_ALCISTA|ALCISTA_DEBIL|MUY_BAJO,1,1,0,100.0,0,MUESTRA_INSUFICIENTE,INJUSD-OTC,put,REVERSION_BAJISTA,SWEEP_SIMPLE,PROTOCOLO_SWEEP,RECHAZO_VENDEDOR_RESISTENCIA,SIN_CONTEXTO_CLARO,TENDENCIA_ALCISTA,ALCISTA_DEBIL,MUY_BAJO
CADJPY-OTC|PUT|CHOCH_BAJISTA|CHOCH_CON_PA_A_FAVOR|PROTOCOLO_CHOCH|PUT_SOPORTE_CERCA_SIN_RUPTURA|IMPULSO_BAJISTA_FUERTE|TENDENCIA_BAJISTA|BAJISTA_NORMAL|MEDIO,1,1,0,100.0,0,MUESTRA_INSUFICIENTE,CADJPY-OTC,put,CHOCH_BAJISTA,CHOCH_CON_PA_A_FAVOR,PROTOCOLO_CHOCH,PUT_SOPORTE_CERCA_SIN_RUPTURA,IMPULSO_BAJISTA_FUERTE,TENDENCIA_BAJISTA,BAJISTA_NORMAL,MEDIO
EURUSD-OTC|CALL|RECHAZO_ALCISTA|ZONA_GENERICA|PROTOCOLO_REACCION_ZONA|CALL_ZONA_NEUTRA|SIN_CONTEXTO_CLARO|TENDENCIA_ALCISTA|ALCISTA_FUERTE|MEDIO,1,1,0,100.0,0,MUESTRA_INSUFICIENTE,EURUSD-OTC,call,RECHAZO_ALCISTA,ZONA_GENERICA,PROTOCOLO_REACCION_ZONA,CALL_ZONA_NEUTRA,SIN_CONTEXTO_CLARO,TENDENCIA_ALCISTA,ALCISTA_FUERTE,MEDIO
USDVND-OTC|PUT|RECHAZO_BAJISTA|ZONA_RECHAZO_CONFIRMADO|PROTOCOLO_REACCION_ZONA|PUT_SOPORTE_CERCA_SIN_RUPTURA|RECHAZO_VENDEDOR_CONFIRMADO|TENDENCIA_ALCISTA|ALCISTA_NORMAL|BAJO,1,1,0,100.0,0,MUESTRA_INSUFICIENTE,USDVND-OTC,put,RECHAZO_BAJISTA,ZONA_RECHAZO_CONFIRMADO,PROTOCOLO_REACCION_ZONA,PUT_SOPORTE_CERCA_SIN_RUPTURA,RECHAZO_VENDEDOR_CONFIRMADO,TENDENCIA_ALCISTA,ALCISTA_NORMAL,BAJO
EU50-OTC|CALL|SWEEP_ALCISTA|SWEEP_SIMPLE|PROTOCOLO_SWEEP|RECHAZO_COMPRADOR_SOPORTE|SIN_CONTEXTO_CLARO|TENDENCIA_BAJISTA|BAJISTA_NORMAL|MUY_BAJO,1,1,0,100.0,0,MUESTRA_INSUFICIENTE,EU50-OTC,call,SWEEP_ALCISTA,SWEEP_SIMPLE,PROTOCOLO_SWEEP,RECHAZO_COMPRADOR_SOPORTE,SIN_CONTEXTO_CLARO,TENDENCIA_BAJISTA,BAJISTA_NORMAL,MUY_BAJO
AIRLINES-OTC|PUT|INDEFINIDO|ZONA_RECHAZO_CONFIRMADO|PROTOCOLO_REACCION_ZONA|PUT_SOPORTE_CERCA_SIN_RUPTURA|RECHAZO_VENDEDOR_CONFIRMADO|TENDENCIA_BAJISTA|BAJISTA_NORMAL|BUENO,1,1,0,100.0,0,MUESTRA_INSUFICIENTE,AIRLINES-OTC,put,INDEFINIDO,ZONA_RECHAZO_CONFIRMADO,PROTOCOLO_REACCION_ZONA,PUT_SOPORTE_CERCA_SIN_RUPTURA,RECHAZO_VENDEDOR_CONFIRMADO,TENDENCIA_BAJISTA,BAJISTA_NORMAL,BUENO
USDVND-OTC|PUT|SWEEP_BAJISTA|SWEEP_RUPTURA_CONFIRMABLE|PROTOCOLO_SWEEP|PUT_SOPORTE_CERCA_SIN_RUPTURA|SIN_CONTEXTO_CLARO|TENDENCIA_BAJISTA|BAJISTA_NORMAL|BAJO,1,1,0,100.0,0,MUESTRA_INSUFICIENTE,USDVND-OTC,put,SWEEP_BAJISTA,SWEEP_RUPTURA_CONFIRMABLE,PROTOCOLO_SWEEP,PUT_SOPORTE_CERCA_SIN_RUPTURA,SIN_CONTEXTO_CLARO,TENDENCIA_BAJISTA,BAJISTA_NORMAL,BAJO
INJUSD-OTC|PUT|SWEEP_BAJISTA|SWEEP_RUPTURA_CONFIRMABLE|PROTOCOLO_SWEEP|PUT_SOPORTE_CERCA_SIN_RUPTURA|SIN_CONTEXTO_CLARO|RANGO|ALCISTA_NORMAL|MUY_BAJO,1,1,0,100.0,0,MUESTRA_INSUFICIENTE,INJUSD-OTC,put,SWEEP_BAJISTA,SWEEP_RUPTURA_CONFIRMABLE,PROTOCOLO_SWEEP,PUT_SOPORTE_CERCA_SIN_RUPTURA,SIN_CONTEXTO_CLARO,RANGO,ALCISTA_NORMAL,MUY_BAJO
SUIUSD-OTC|PUT|CONTINUACION|PULLBACK_TENDENCIA_INSUFICIENTE|PROTOCOLO_PULLBACK|PUT_SOPORTE_CERCA_SIN_RUPTURA|IMPULSO_BAJISTA_FUERTE|TENDENCIA_BAJISTA|BAJISTA_NORMAL|BUENO,1,1,0,100.0,0,MUESTRA_INSUFICIENTE,SUIUSD-OTC,put,CONTINUACION,PULLBACK_TENDENCIA_INSUFICIENTE,PROTOCOLO_PULLBACK,PUT_SOPORTE_CERCA_SIN_RUPTURA,IMPULSO_BAJISTA_FUERTE,TENDENCIA_BAJISTA,BAJISTA_NORMAL,BUENO
SUIUSD-OTC|PUT|CHOCH_BAJISTA|CHOCH_CON_PA_A_FAVOR|PROTOCOLO_CHOCH|PUT_SOPORTE_CERCA_SIN_RUPTURA|IMPULSO_BAJISTA_FUERTE|TENDENCIA_BAJISTA|BAJISTA_FUERTE|ALTO,1,1,0,100.0,0,MUESTRA_INSUFICIENTE,SUIUSD-OTC,put,CHOCH_BAJISTA,CHOCH_CON_PA_A_FAVOR,PROTOCOLO_CHOCH,PUT_SOPORTE_CERCA_SIN_RUPTURA,IMPULSO_BAJISTA_FUERTE,TENDENCIA_BAJISTA,BAJISTA_FUERTE,ALTO
EU50-OTC|PUT|CONTINUACION|PULLBACK_TENDENCIA_INSUFICIENTE|PROTOCOLO_PULLBACK|PUT_SOPORTE_CERCA_SIN_RUPTURA|IMPULSO_BAJISTA_FUERTE|TENDENCIA_BAJISTA|BAJISTA_FUERTE|ALTO,1,1,0,100.0,0,MUESTRA_INSUFICIENTE,EU50-OTC,put,CONTINUACION,PULLBACK_TENDENCIA_INSUFICIENTE,PROTOCOLO_PULLBACK,PUT_SOPORTE_CERCA_SIN_RUPTURA,IMPULSO_BAJISTA_FUERTE,TENDENCIA_BAJISTA,BAJISTA_FUERTE,ALTO
ONDOUSD-OTC|PUT|CONTINUACION|PULLBACK_TENDENCIA_INSUFICIENTE|PROTOCOLO_PULLBACK|RECHAZO_VENDEDOR_RESISTENCIA|IMPULSO_BAJISTA_FUERTE|TENDENCIA_BAJISTA|BAJISTA_FUERTE|PREMIUM,1,1,0,100.0,0,MUESTRA_INSUFICIENTE,ONDOUSD-OTC,put,CONTINUACION,PULLBACK_TENDENCIA_INSUFICIENTE,PROTOCOLO_PULLBACK,RECHAZO_VENDEDOR_RESISTENCIA,IMPULSO_BAJISTA_FUERTE,TENDENCIA_BAJISTA,BAJISTA_FUERTE,PREMIUM
USDVND-OTC|CALL|REVERSION_ALCISTA|SWEEP_SIMPLE|PROTOCOLO_SWEEP|RECHAZO_COMPRADOR_SOPORTE|SIN_CONTEXTO_CLARO|TENDENCIA_BAJISTA|BAJISTA_NORMAL|MUY_BAJO,1,1,0,100.0,0,MUESTRA_INSUFICIENTE,USDVND-OTC,call,REVERSION_ALCISTA,SWEEP_SIMPLE,PROTOCOLO_SWEEP,RECHAZO_COMPRADOR_SOPORTE,SIN_CONTEXTO_CLARO,TENDENCIA_BAJISTA,BAJISTA_NORMAL,MUY_BAJO
EU50-OTC|CALL|REVERSION_ALCISTA|SWEEP_SIMPLE|PROTOCOLO_SWEEP|CALL_ZONA_NEUTRA|SIN_CONTEXTO_CLARO|TENDENCIA_BAJISTA|BAJISTA_NORMAL|MUY_BAJO,1,1,0,100.0,0,MUESTRA_INSUFICIENTE,EU50-OTC,call,REVERSION_ALCISTA,SWEEP_SIMPLE,PROTOCOLO_SWEEP,CALL_ZONA_NEUTRA,SIN_CONTEXTO_CLARO,TENDENCIA_BAJISTA,BAJISTA_NORMAL,MUY_BAJO
FB-OTC|PUT|SWEEP_BAJISTA|SWEEP_RUPTURA_CONFIRMABLE|PROTOCOLO_SWEEP|PUT_SOPORTE_CERCA_SIN_RUPTURA|SIN_CONTEXTO_CLARO|TENDENCIA_ALCISTA|ALCISTA_NORMAL|MUY_BAJO,1,1,0,100.0,0,MUESTRA_INSUFICIENTE,FB-OTC,put,SWEEP_BAJISTA,SWEEP_RUPTURA_CONFIRMABLE,PROTOCOLO_SWEEP,PUT_SOPORTE_CERCA_SIN_RUPTURA,SIN_CONTEXTO_CLARO,TENDENCIA_ALCISTA,ALCISTA_NORMAL,MUY_BAJO
EURGBP-OTC|PUT|SWEEP_BAJISTA|SWEEP_RUPTURA_CONFIRMABLE|PROTOCOLO_SWEEP|PUT_SOPORTE_CERCA_SIN_RUPTURA|SIN_CONTEXTO_CLARO|TENDENCIA_ALCISTA|ALCISTA_DEBIL|MUY_BAJO,1,1,0,100.0,0,MUESTRA_INSUFICIENTE,EURGBP-OTC,put,SWEEP_BAJISTA,SWEEP_RUPTURA_CONFIRMABLE,PROTOCOLO_SWEEP,PUT_SOPORTE_CERCA_SIN_RUPTURA,SIN_CONTEXTO_CLARO,TENDENCIA_ALCISTA,ALCISTA_DEBIL,MUY_BAJO
MSFT-OTC|PUT|CHOCH_BAJISTA|CHOCH_CON_PA_A_FAVOR|PROTOCOLO_CHOCH|PUT_ZONA_NEUTRA|IMPULSO_BAJISTA_FUERTE|TENDENCIA_BAJISTA|BAJISTA_NORMAL|PREMIUM,1,1,0,100.0,0,MUESTRA_INSUFICIENTE,MSFT-OTC,put,CHOCH_BAJISTA,CHOCH_CON_PA_A_FAVOR,PROTOCOLO_CHOCH,PUT_ZONA_NEUTRA,IMPULSO_BAJISTA_FUERTE,TENDENCIA_BAJISTA,BAJISTA_NORMAL,PREMIUM
EU50-OTC|PUT|INDEFINIDO|ZONA_RECHAZO_CONFIRMADO|PROTOCOLO_REACCION_ZONA|PUT_SOPORTE_CERCA_SIN_RUPTURA|RECHAZO_VENDEDOR_CONFIRMADO|TENDENCIA_ALCISTA|BAJISTA_DEBIL|ALTO,1,1,0,100.0,0,MUESTRA_INSUFICIENTE,EU50-OTC,put,INDEFINIDO,ZONA_RECHAZO_CONFIRMADO,PROTOCOLO_REACCION_ZONA,PUT_SOPORTE_CERCA_SIN_RUPTURA,RECHAZO_VENDEDOR_CONFIRMADO,TENDENCIA_ALCISTA,BAJISTA_DEBIL,ALTO
FARTCOINUSD-OTC|CALL|CONTINUACION|PULLBACK_TENDENCIA_INSUFICIENTE|PROTOCOLO_RUPTURA_RESISTENCIA|CALL_RESISTENCIA_CERCA_SIN_RUPTURA|RECHAZO_COMPRADOR_CONFIRMADO|TENDENCIA_ALCISTA|ALCISTA_NORMAL|MEDIO,1,1,0,100.0,0,MUESTRA_INSUFICIENTE,FARTCOINUSD-OTC,call,CONTINUACION,PULLBACK_TENDENCIA_INSUFICIENTE,PROTOCOLO_RUPTURA_RESISTENCIA,CALL_RESISTENCIA_CERCA_SIN_RUPTURA,RECHAZO_COMPRADOR_CONFIRMADO,TENDENCIA_ALCISTA,ALCISTA_NORMAL,MEDIO
COCOA-OTC|PUT|CHOCH_BAJISTA|CHOCH_CON_PA_A_FAVOR|PROTOCOLO_CHOCH|PUT_SOPORTE_CERCA_SIN_RUPTURA|IMPULSO_BAJISTA_FUERTE|TENDENCIA_BAJISTA|BAJISTA_FUERTE|BUENO,1,1,0,100.0,0,MUESTRA_INSUFICIENTE,COCOA-OTC,put,CHOCH_BAJISTA,CHOCH_CON_PA_A_FAVOR,PROTOCOLO_CHOCH,PUT_SOPORTE_CERCA_SIN_RUPTURA,IMPULSO_BAJISTA_FUERTE,TENDENCIA_BAJISTA,BAJISTA_FUERTE,BUENO
MSFT-OTC|PUT|SWEEP_BAJISTA|SWEEP_RUPTURA_CONFIRMABLE|PROTOCOLO_SWEEP|PUT_SOPORTE_CERCA_SIN_RUPTURA|SIN_CONTEXTO_CLARO|RANGO|ALCISTA_DEBIL|MUY_BAJO,1,1,0,100.0,0,MUESTRA_INSUFICIENTE,MSFT-OTC,put,SWEEP_BAJISTA,SWEEP_RUPTURA_CONFIRMABLE,PROTOCOLO_SWEEP,PUT_SOPORTE_CERCA_SIN_RUPTURA,SIN_CONTEXTO_CLARO,RANGO,ALCISTA_DEBIL,MUY_BAJO
AUDUSD-OTC|PUT|SWEEP_BAJISTA|SWEEP_SIMPLE|PROTOCOLO_SWEEP|RECHAZO_VENDEDOR_RESISTENCIA|SIN_CONTEXTO_CLARO|TENDENCIA_ALCISTA|ALCISTA_FUERTE|BAJO,1,1,0,100.0,0,MUESTRA_INSUFICIENTE,AUDUSD-OTC,put,SWEEP_BAJISTA,SWEEP_SIMPLE,PROTOCOLO_SWEEP,RECHAZO_VENDEDOR_RESISTENCIA,SIN_CONTEXTO_CLARO,TENDENCIA_ALCISTA,ALCISTA_FUERTE,BAJO
IMXUSD-OTC|PUT|CHOCH_BAJISTA|CHOCH_CON_PA_A_FAVOR|PROTOCOLO_CHOCH|PUT_SOPORTE_CERCA_SIN_RUPTURA|RECHAZO_VENDEDOR_CONFIRMADO|TENDENCIA_BAJISTA|BAJISTA_NORMAL|BUENO,1,1,0,100.0,0,MUESTRA_INSUFICIENTE,IMXUSD-OTC,put,CHOCH_BAJISTA,CHOCH_CON_PA_A_FAVOR,PROTOCOLO_CHOCH,PUT_SOPORTE_CERCA_SIN_RUPTURA,RECHAZO_VENDEDOR_CONFIRMADO,TENDENCIA_BAJISTA,BAJISTA_NORMAL,BUENO
CARDANO-OTC|PUT|SWEEP_BAJISTA|SWEEP_SIMPLE|PROTOCOLO_SWEEP|RECHAZO_VENDEDOR_RESISTENCIA|SIN_CONTEXTO_CLARO|TENDENCIA_ALCISTA|ALCISTA_NORMAL|MUY_BAJO,1,1,0,100.0,0,MUESTRA_INSUFICIENTE,CARDANO-OTC,put,SWEEP_BAJISTA,SWEEP_SIMPLE,PROTOCOLO_SWEEP,RECHAZO_VENDEDOR_RESISTENCIA,SIN_CONTEXTO_CLARO,TENDENCIA_ALCISTA,ALCISTA_NORMAL,MUY_BAJO
IMXUSD-OTC|PUT|RECHAZO_BAJISTA|ZONA_RECHAZO_CONFIRMADO|PROTOCOLO_REACCION_ZONA|PUT_SOPORTE_CERCA_SIN_RUPTURA|RECHAZO_VENDEDOR_CONFIRMADO|RANGO|ALCISTA_DEBIL|MUY_BAJO,1,1,0,100.0,0,MUESTRA_INSUFICIENTE,IMXUSD-OTC,put,RECHAZO_BAJISTA,ZONA_RECHAZO_CONFIRMADO,PROTOCOLO_REACCION_ZONA,PUT_SOPORTE_CERCA_SIN_RUPTURA,RECHAZO_VENDEDOR_CONFIRMADO,RANGO,ALCISTA_DEBIL,MUY_BAJO
CARDANO-OTC|CALL|RECHAZO_ALCISTA|ZONA_GENERICA|PROTOCOLO_REACCION_ZONA|CALL_ZONA_NEUTRA|IMPULSO_ALCISTA_FUERTE|TENDENCIA_ALCISTA|ALCISTA_NORMAL|ALTO,1,1,0,100.0,0,MUESTRA_INSUFICIENTE,CARDANO-OTC,call,RECHAZO_ALCISTA,ZONA_GENERICA,PROTOCOLO_REACCION_ZONA,CALL_ZONA_NEUTRA,IMPULSO_ALCISTA_FUERTE,TENDENCIA_ALCISTA,ALCISTA_NORMAL,ALTO
EURUSD-OTC|CALL|CHOCH_ALCISTA|CHOCH_CON_PA_A_FAVOR|PROTOCOLO_RUPTURA_RESISTENCIA|CALL_RESISTENCIA_CERCA_SIN_RUPTURA|IMPULSO_ALCISTA_FUERTE|TENDENCIA_ALCISTA|ALCISTA_FUERTE|MEDIO,1,1,0,100.0,0,MUESTRA_INSUFICIENTE,EURUSD-OTC,call,CHOCH_ALCISTA,CHOCH_CON_PA_A_FAVOR,PROTOCOLO_RUPTURA_RESISTENCIA,CALL_RESISTENCIA_CERCA_SIN_RUPTURA,IMPULSO_ALCISTA_FUERTE,TENDENCIA_ALCISTA,ALCISTA_FUERTE,MEDIO
INJUSD-OTC|PUT|CHOCH_BAJISTA|CHOCH_CON_PA_A_FAVOR|PROTOCOLO_CHOCH|PUT_SOPORTE_CERCA_SIN_RUPTURA|IMPULSO_BAJISTA_FUERTE|RANGO|BAJISTA_NORMAL|MEDIO,1,1,0,100.0,0,MUESTRA_INSUFICIENTE,INJUSD-OTC,put,CHOCH_BAJISTA,CHOCH_CON_PA_A_FAVOR,PROTOCOLO_CHOCH,PUT_SOPORTE_CERCA_SIN_RUPTURA,IMPULSO_BAJISTA_FUERTE,RANGO,BAJISTA_NORMAL,MEDIO
INJUSD-OTC|PUT|CONTINUACION|PULLBACK_BALANCE_POSITIVO|PROTOCOLO_PULLBACK|PUT_SOPORTE_CERCA_SIN_RUPTURA|IMPULSO_BAJISTA_FUERTE|TENDENCIA_BAJISTA|BAJISTA_NORMAL|MEDIO,1,1,0,100.0,0,MUESTRA_INSUFICIENTE,INJUSD-OTC,put,CONTINUACION,PULLBACK_BALANCE_POSITIVO,PROTOCOLO_PULLBACK,PUT_SOPORTE_CERCA_SIN_RUPTURA,IMPULSO_BAJISTA_FUERTE,TENDENCIA_BAJISTA,BAJISTA_NORMAL,MEDIO
FB-OTC|CALL|SWEEP_ALCISTA|SWEEP_SIMPLE|PROTOCOLO_SWEEP|RECHAZO_COMPRADOR_SOPORTE|SIN_CONTEXTO_CLARO|TENDENCIA_BAJISTA|BAJISTA_NORMAL|BAJO,1,1,0,100.0,0,MUESTRA_INSUFICIENTE,FB-OTC,call,SWEEP_ALCISTA,SWEEP_SIMPLE,PROTOCOLO_SWEEP,RECHAZO_COMPRADOR_SOPORTE,SIN_CONTEXTO_CLARO,TENDENCIA_BAJISTA,BAJISTA_NORMAL,BAJO
EURGBP-OTC|CALL|CONTINUACION|PULLBACK_TENDENCIA_INSUFICIENTE|PROTOCOLO_PULLBACK|RECHAZO_COMPRADOR_SOPORTE|SIN_CONTEXTO_CLARO|TENDENCIA_ALCISTA|ALCISTA_NORMAL|MEDIO,1,1,0,100.0,0,MUESTRA_INSUFICIENTE,EURGBP-OTC,call,CONTINUACION,PULLBACK_TENDENCIA_INSUFICIENTE,PROTOCOLO_PULLBACK,RECHAZO_COMPRADOR_SOPORTE,SIN_CONTEXTO_CLARO,TENDENCIA_ALCISTA,ALCISTA_NORMAL,MEDIO
MSFT-OTC|PUT|CONTINUACION|PULLBACK_TENDENCIA_INSUFICIENTE|PROTOCOLO_PULLBACK|PUT_SOPORTE_CERCA_SIN_RUPTURA|IMPULSO_BAJISTA_FUERTE|TENDENCIA_BAJISTA|BAJISTA_NORMAL|MEDIO,1,1,0,100.0,0,MUESTRA_INSUFICIENTE,MSFT-OTC,put,CONTINUACION,PULLBACK_TENDENCIA_INSUFICIENTE,PROTOCOLO_PULLBACK,PUT_SOPORTE_CERCA_SIN_RUPTURA,IMPULSO_BAJISTA_FUERTE,TENDENCIA_BAJISTA,BAJISTA_NORMAL,MEDIO
EURUSD-OTC|PUT|CONTINUACION|PULLBACK_TENDENCIA_INSUFICIENTE|PROTOCOLO_PULLBACK|RECHAZO_VENDEDOR_RESISTENCIA|SIN_CONTEXTO_CLARO|TENDENCIA_BAJISTA|BAJISTA_NORMAL|MEDIO,1,1,0,100.0,0,MUESTRA_INSUFICIENTE,EURUSD-OTC,put,CONTINUACION,PULLBACK_TENDENCIA_INSUFICIENTE,PROTOCOLO_PULLBACK,RECHAZO_VENDEDOR_RESISTENCIA,SIN_CONTEXTO_CLARO,TENDENCIA_BAJISTA,BAJISTA_NORMAL,MEDIO
AUDUSD-OTC|CALL|CHOCH_ALCISTA|CHOCH_CON_PA_A_FAVOR|PROTOCOLO_RUPTURA_RESISTENCIA|CALL_RESISTENCIA_CERCA_SIN_RUPTURA|IMPULSO_ALCISTA_FUERTE|TENDENCIA_ALCISTA|ALCISTA_NORMAL|MEDIO,1,1,0,100.0,0,MUESTRA_INSUFICIENTE,AUDUSD-OTC,call,CHOCH_ALCISTA,CHOCH_CON_PA_A_FAVOR,PROTOCOLO_RUPTURA_RESISTENCIA,CALL_RESISTENCIA_CERCA_SIN_RUPTURA,IMPULSO_ALCISTA_FUERTE,TENDENCIA_ALCISTA,ALCISTA_NORMAL,MEDIO
AUDUSD-OTC|CALL|SWEEP_ALCISTA|SWEEP_SIMPLE|PROTOCOLO_SWEEP|RECHAZO_COMPRADOR_SOPORTE|SIN_CONTEXTO_CLARO|TENDENCIA_ALCISTA|ALCISTA_NORMAL|MEDIO,1,1,0,100.0,0,MUESTRA_INSUFICIENTE,AUDUSD-OTC,call,SWEEP_ALCISTA,SWEEP_SIMPLE,PROTOCOLO_SWEEP,RECHAZO_COMPRADOR_SOPORTE,SIN_CONTEXTO_CLARO,TENDENCIA_ALCISTA,ALCISTA_NORMAL,MEDIO
FB-OTC|CALL|CONTINUACION|PULLBACK_TENDENCIA_INSUFICIENTE|PROTOCOLO_PULLBACK|RECHAZO_COMPRADOR_SOPORTE|SIN_CONTEXTO_CLARO|TENDENCIA_ALCISTA|ALCISTA_NORMAL|MEDIO,1,1,0,100.0,0,MUESTRA_INSUFICIENTE,FB-OTC,call,CONTINUACION,PULLBACK_TENDENCIA_INSUFICIENTE,PROTOCOLO_PULLBACK,RECHAZO_COMPRADOR_SOPORTE,SIN_CONTEXTO_CLARO,TENDENCIA_ALCISTA,ALCISTA_NORMAL,MEDIO
FB-OTC|CALL|SWEEP_ALCISTA|SWEEP_RUPTURA_CONFIRMABLE|PROTOCOLO_RUPTURA_RESISTENCIA|CALL_RESISTENCIA_CERCA_SIN_RUPTURA|IMPULSO_ALCISTA_FUERTE|TENDENCIA_ALCISTA|ALCISTA_NORMAL|BUENO,1,1,0,100.0,0,MUESTRA_INSUFICIENTE,FB-OTC,call,SWEEP_ALCISTA,SWEEP_RUPTURA_CONFIRMABLE,PROTOCOLO_RUPTURA_RESISTENCIA,CALL_RESISTENCIA_CERCA_SIN_RUPTURA,IMPULSO_ALCISTA_FUERTE,TENDENCIA_ALCISTA,ALCISTA_NORMAL,BUENO
COCOA-OTC|PUT|SWEEP_BAJISTA|SWEEP_SIMPLE|PROTOCOLO_SWEEP|RECHAZO_VENDEDOR_RESISTENCIA|SIN_CONTEXTO_CLARO|RANGO|ALCISTA_DEBIL|MUY_BAJO,1,1,0,100.0,0,MUESTRA_INSUFICIENTE,COCOA-OTC,put,SWEEP_BAJISTA,SWEEP_SIMPLE,PROTOCOLO_SWEEP,RECHAZO_VENDEDOR_RESISTENCIA,SIN_CONTEXTO_CLARO,RANGO,ALCISTA_DEBIL,MUY_BAJO
IMXUSD-OTC|PUT|SWEEP_BAJISTA|SWEEP_RUPTURA_CONFIRMABLE|PROTOCOLO_SWEEP|PUT_SOPORTE_CERCA_SIN_RUPTURA|SIN_CONTEXTO_CLARO|RANGO|ALCISTA_DEBIL|MUY_BAJO,1,1,0,100.0,0,MUESTRA_INSUFICIENTE,IMXUSD-OTC,put,SWEEP_BAJISTA,SWEEP_RUPTURA_CONFIRMABLE,PROTOCOLO_SWEEP,PUT_SOPORTE_CERCA_SIN_RUPTURA,SIN_CONTEXTO_CLARO,RANGO,ALCISTA_DEBIL,MUY_BAJO
FETUSD-OTC|PUT|CONTINUACION|PULLBACK_TENDENCIA_INSUFICIENTE|PROTOCOLO_PULLBACK|PUT_SOPORTE_CERCA_SIN_RUPTURA|IMPULSO_BAJISTA_FUERTE|TENDENCIA_BAJISTA|BAJISTA_NORMAL|MEDIO,1,1,0,100.0,0,MUESTRA_INSUFICIENTE,FETUSD-OTC,put,CONTINUACION,PULLBACK_TENDENCIA_INSUFICIENTE,PROTOCOLO_PULLBACK,PUT_SOPORTE_CERCA_SIN_RUPTURA,IMPULSO_BAJISTA_FUERTE,TENDENCIA_BAJISTA,BAJISTA_NORMAL,MEDIO
MSFT-OTC|CALL|CONTINUACION|PULLBACK_TENDENCIA_INSUFICIENTE|PROTOCOLO_PULLBACK|RECHAZO_COMPRADOR_SOPORTE|SIN_CONTEXTO_CLARO|TENDENCIA_ALCISTA|ALCISTA_NORMAL|MEDIO,1,1,0,100.0,0,MUESTRA_INSUFICIENTE,MSFT-OTC,call,CONTINUACION,PULLBACK_TENDENCIA_INSUFICIENTE,PROTOCOLO_PULLBACK,RECHAZO_COMPRADOR_SOPORTE,SIN_CONTEXTO_CLARO,TENDENCIA_ALCISTA,ALCISTA_NORMAL,MEDIO
IMXUSD-OTC|CALL|CONTINUACION|ZONA_GENERICA|PROTOCOLO_REACCION_ZONA|RECHAZO_COMPRADOR_SOPORTE|IMPULSO_ALCISTA_FUERTE|TENDENCIA_ALCISTA|ALCISTA_FUERTE|ALTO,1,1,0,100.0,0,MUESTRA_INSUFICIENTE,IMXUSD-OTC,call,CONTINUACION,ZONA_GENERICA,PROTOCOLO_REACCION_ZONA,RECHAZO_COMPRADOR_SOPORTE,IMPULSO_ALCISTA_FUERTE,TENDENCIA_ALCISTA,ALCISTA_FUERTE,ALTO
AUDUSD-OTC|PUT|SWEEP_BAJISTA|SWEEP_RUPTURA_CONFIRMABLE|PROTOCOLO_SWEEP|PUT_SOPORTE_CERCA_SIN_RUPTURA|SIN_CONTEXTO_CLARO|TENDENCIA_ALCISTA|ALCISTA_NORMAL|MUY_BAJO,1,1,0,100.0,0,MUESTRA_INSUFICIENTE,AUDUSD-OTC,put,SWEEP_BAJISTA,SWEEP_RUPTURA_CONFIRMABLE,PROTOCOLO_SWEEP,PUT_SOPORTE_CERCA_SIN_RUPTURA,SIN_CONTEXTO_CLARO,TENDENCIA_ALCISTA,ALCISTA_NORMAL,MUY_BAJO
NZDCAD-OTC|PUT|SWEEP_BAJISTA|SWEEP_RUPTURA_CONFIRMABLE|PROTOCOLO_SWEEP|PUT_SOPORTE_CERCA_SIN_RUPTURA|SIN_CONTEXTO_CLARO|TENDENCIA_ALCISTA|ALCISTA_DEBIL|MUY_BAJO,1,1,0,100.0,0,MUESTRA_INSUFICIENTE,NZDCAD-OTC,put,SWEEP_BAJISTA,SWEEP_RUPTURA_CONFIRMABLE,PROTOCOLO_SWEEP,PUT_SOPORTE_CERCA_SIN_RUPTURA,SIN_CONTEXTO_CLARO,TENDENCIA_ALCISTA,ALCISTA_DEBIL,MUY_BAJO
AIRLINES-OTC|PUT|CONTINUACION|PULLBACK_TENDENCIA_INSUFICIENTE|PROTOCOLO_PULLBACK|PUT_SOPORTE_CERCA_SIN_RUPTURA|IMPULSO_BAJISTA_FUERTE|TENDENCIA_BAJISTA|BAJISTA_NORMAL|MEDIO,1,1,0,100.0,0,MUESTRA_INSUFICIENTE,AIRLINES-OTC,put,CONTINUACION,PULLBACK_TENDENCIA_INSUFICIENTE,PROTOCOLO_PULLBACK,PUT_SOPORTE_CERCA_SIN_RUPTURA,IMPULSO_BAJISTA_FUERTE,TENDENCIA_BAJISTA,BAJISTA_NORMAL,MEDIO
NZDCAD-OTC|PUT|CONTINUACION|PULLBACK_BALANCE_POSITIVO|PROTOCOLO_PULLBACK|PUT_ZONA_NEUTRA|RECHAZO_VENDEDOR_CONFIRMADO|TENDENCIA_BAJISTA|BAJISTA_NORMAL|PREMIUM,1,1,0,100.0,0,MUESTRA_INSUFICIENTE,NZDCAD-OTC,put,CONTINUACION,PULLBACK_BALANCE_POSITIVO,PROTOCOLO_PULLBACK,PUT_ZONA_NEUTRA,RECHAZO_VENDEDOR_CONFIRMADO,TENDENCIA_BAJISTA,BAJISTA_NORMAL,PREMIUM
EURUSD-OTC|PUT|CHOCH_BAJISTA|CHOCH_CON_PA_A_FAVOR|PROTOCOLO_CHOCH|PUT_SOPORTE_CERCA_SIN_RUPTURA|IMPULSO_BAJISTA_FUERTE|TENDENCIA_BAJISTA|BAJISTA_DEBIL|MEDIO,1,1,0,100.0,0,MUESTRA_INSUFICIENTE,EURUSD-OTC,put,CHOCH_BAJISTA,CHOCH_CON_PA_A_FAVOR,PROTOCOLO_CHOCH,PUT_SOPORTE_CERCA_SIN_RUPTURA,IMPULSO_BAJISTA_FUERTE,TENDENCIA_BAJISTA,BAJISTA_DEBIL,MEDIO
NZDCAD-OTC|PUT|SWEEP_BAJISTA|SWEEP_RUPTURA_CONFIRMABLE|PROTOCOLO_SWEEP|PUT_SOPORTE_CERCA_SIN_RUPTURA|SIN_CONTEXTO_CLARO|RANGO|BAJISTA_DEBIL|MUY_BAJO,1,1,0,100.0,0,MUESTRA_INSUFICIENTE,NZDCAD-OTC,put,SWEEP_BAJISTA,SWEEP_RUPTURA_CONFIRMABLE,PROTOCOLO_SWEEP,PUT_SOPORTE_CERCA_SIN_RUPTURA,SIN_CONTEXTO_CLARO,RANGO,BAJISTA_DEBIL,MUY_BAJO
USDVND-OTC|PUT|CHOCH_BAJISTA|CHOCH_CON_PA_A_FAVOR|PROTOCOLO_CHOCH|PUT_SOPORTE_CERCA_SIN_RUPTURA|IMPULSO_BAJISTA_FUERTE|TENDENCIA_BAJISTA|BAJISTA_NORMAL|MEDIO,1,1,0,100.0,0,MUESTRA_INSUFICIENTE,USDVND-OTC,put,CHOCH_BAJISTA,CHOCH_CON_PA_A_FAVOR,PROTOCOLO_CHOCH,PUT_SOPORTE_CERCA_SIN_RUPTURA,IMPULSO_BAJISTA_FUERTE,TENDENCIA_BAJISTA,BAJISTA_NORMAL,MEDIO
EU50-OTC|PUT|CHOCH_BAJISTA|CHOCH_CON_PA_A_FAVOR|PROTOCOLO_CHOCH|PUT_SOPORTE_CERCA_SIN_RUPTURA|IMPULSO_BAJISTA_FUERTE|TENDENCIA_BAJISTA|BAJISTA_NORMAL|MEDIO,1,1,0,100.0,0,MUESTRA_INSUFICIENTE,EU50-OTC,put,CHOCH_BAJISTA,CHOCH_CON_PA_A_FAVOR,PROTOCOLO_CHOCH,PUT_SOPORTE_CERCA_SIN_RUPTURA,IMPULSO_BAJISTA_FUERTE,TENDENCIA_BAJISTA,BAJISTA_NORMAL,MEDIO
FETUSD-OTC|PUT|CONTINUACION|PULLBACK_TENDENCIA_INSUFICIENTE|PROTOCOLO_PULLBACK|PUT_SOPORTE_CERCA_SIN_RUPTURA|RECHAZO_VENDEDOR_CONFIRMADO|TENDENCIA_BAJISTA|BAJISTA_FUERTE|BUENO,1,1,0,100.0,0,MUESTRA_INSUFICIENTE,FETUSD-OTC,put,CONTINUACION,PULLBACK_TENDENCIA_INSUFICIENTE,PROTOCOLO_PULLBACK,PUT_SOPORTE_CERCA_SIN_RUPTURA,RECHAZO_VENDEDOR_CONFIRMADO,TENDENCIA_BAJISTA,BAJISTA_FUERTE,BUENO
EURGBP-OTC|PUT|REVERSION_BAJISTA|SWEEP_SIMPLE|PROTOCOLO_SWEEP|RECHAZO_VENDEDOR_RESISTENCIA|SIN_CONTEXTO_CLARO|TENDENCIA_ALCISTA|ALCISTA_NORMAL|MUY_BAJO,1,1,0,100.0,0,MUESTRA_INSUFICIENTE,EURGBP-OTC,put,REVERSION_BAJISTA,SWEEP_SIMPLE,PROTOCOLO_SWEEP,RECHAZO_VENDEDOR_RESISTENCIA,SIN_CONTEXTO_CLARO,TENDENCIA_ALCISTA,ALCISTA_NORMAL,MUY_BAJO
AUDUSD-OTC|PUT|SWEEP_BAJISTA|SWEEP_SIMPLE|PROTOCOLO_SWEEP|RECHAZO_VENDEDOR_RESISTENCIA|SIN_CONTEXTO_CLARO|TENDENCIA_ALCISTA|ALCISTA_NORMAL|MUY_BAJO,1,1,0,100.0,0,MUESTRA_INSUFICIENTE,AUDUSD-OTC,put,SWEEP_BAJISTA,SWEEP_SIMPLE,PROTOCOLO_SWEEP,RECHAZO_VENDEDOR_RESISTENCIA,SIN_CONTEXTO_CLARO,TENDENCIA_ALCISTA,ALCISTA_NORMAL,MUY_BAJO
EURGBP-OTC|CALL|REVERSION_ALCISTA|SWEEP_SIMPLE|PROTOCOLO_SWEEP|RECHAZO_COMPRADOR_SOPORTE|SIN_CONTEXTO_CLARO|TENDENCIA_BAJISTA|BAJISTA_FUERTE|BAJO,1,1,0,100.0,0,MUESTRA_INSUFICIENTE,EURGBP-OTC,call,REVERSION_ALCISTA,SWEEP_SIMPLE,PROTOCOLO_SWEEP,RECHAZO_COMPRADOR_SOPORTE,SIN_CONTEXTO_CLARO,TENDENCIA_BAJISTA,BAJISTA_FUERTE,BAJO
EURUSD-OTC|PUT|CONTINUACION|PULLBACK_BALANCE_POSITIVO|PROTOCOLO_PULLBACK|RECHAZO_VENDEDOR_RESISTENCIA|IMPULSO_BAJISTA_FUERTE|TENDENCIA_BAJISTA|BAJISTA_NORMAL|PREMIUM,1,0,1,0.0,0,MUESTRA_INSUFICIENTE,EURUSD-OTC,put,CONTINUACION,PULLBACK_BALANCE_POSITIVO,PROTOCOLO_PULLBACK,RECHAZO_VENDEDOR_RESISTENCIA,IMPULSO_BAJISTA_FUERTE,TENDENCIA_BAJISTA,BAJISTA_NORMAL,PREMIUM
MSFT-OTC|PUT|SWEEP_BAJISTA|SWEEP_RUPTURA_CONFIRMABLE|PROTOCOLO_SWEEP|PUT_SOPORTE_CERCA_SIN_RUPTURA|SIN_CONTEXTO_CLARO|TENDENCIA_ALCISTA|ALCISTA_NORMAL|MUY_BAJO,1,0,1,0.0,0,MUESTRA_INSUFICIENTE,MSFT-OTC,put,SWEEP_BAJISTA,SWEEP_RUPTURA_CONFIRMABLE,PROTOCOLO_SWEEP,PUT_SOPORTE_CERCA_SIN_RUPTURA,SIN_CONTEXTO_CLARO,TENDENCIA_ALCISTA,ALCISTA_NORMAL,MUY_BAJO
INJUSD-OTC|CALL|SWEEP_ALCISTA|SWEEP_SIMPLE|PROTOCOLO_SWEEP|RECHAZO_COMPRADOR_SOPORTE|SIN_CONTEXTO_CLARO|TENDENCIA_BAJISTA|BAJISTA_NORMAL|MUY_BAJO,1,0,1,0.0,0,MUESTRA_INSUFICIENTE,INJUSD-OTC,call,SWEEP_ALCISTA,SWEEP_SIMPLE,PROTOCOLO_SWEEP,RECHAZO_COMPRADOR_SOPORTE,SIN_CONTEXTO_CLARO,TENDENCIA_BAJISTA,BAJISTA_NORMAL,MUY_BAJO
COCOA-OTC|PUT|SWEEP_BAJISTA|SWEEP_SIMPLE|PROTOCOLO_SWEEP|RECHAZO_VENDEDOR_RESISTENCIA|SIN_CONTEXTO_CLARO|TENDENCIA_ALCISTA|ALCISTA_FUERTE|MUY_BAJO,1,0,1,0.0,0,MUESTRA_INSUFICIENTE,COCOA-OTC,put,SWEEP_BAJISTA,SWEEP_SIMPLE,PROTOCOLO_SWEEP,RECHAZO_VENDEDOR_RESISTENCIA,SIN_CONTEXTO_CLARO,TENDENCIA_ALCISTA,ALCISTA_FUERTE,MUY_BAJO
CADJPY-OTC|PUT|SWEEP_BAJISTA|SWEEP_RUPTURA_CONFIRMABLE|PROTOCOLO_SWEEP|PUT_SOPORTE_CERCA_SIN_RUPTURA|SIN_CONTEXTO_CLARO|RANGO|ALCISTA_NORMAL|MUY_BAJO,1,0,1,0.0,0,MUESTRA_INSUFICIENTE,CADJPY-OTC,put,SWEEP_BAJISTA,SWEEP_RUPTURA_CONFIRMABLE,PROTOCOLO_SWEEP,PUT_SOPORTE_CERCA_SIN_RUPTURA,SIN_CONTEXTO_CLARO,RANGO,ALCISTA_NORMAL,MUY_BAJO
AIRLINES-OTC|CALL|REVERSION_ALCISTA|SWEEP_SIMPLE|PROTOCOLO_SWEEP|RECHAZO_COMPRADOR_SOPORTE|SIN_CONTEXTO_CLARO|RANGO|ALCISTA_DEBIL|BAJO,1,0,1,0.0,0,MUESTRA_INSUFICIENTE,AIRLINES-OTC,call,REVERSION_ALCISTA,SWEEP_SIMPLE,PROTOCOLO_SWEEP,RECHAZO_COMPRADOR_SOPORTE,SIN_CONTEXTO_CLARO,RANGO,ALCISTA_DEBIL,BAJO
NZDCAD-OTC|PUT|CHOCH_BAJISTA|CHOCH_CON_PA_A_FAVOR|PROTOCOLO_CHOCH|PUT_SOPORTE_CERCA_SIN_RUPTURA|IMPULSO_BAJISTA_FUERTE|TENDENCIA_BAJISTA|BAJISTA_NORMAL|MEDIO,1,0,1,0.0,0,MUESTRA_INSUFICIENTE,NZDCAD-OTC,put,CHOCH_BAJISTA,CHOCH_CON_PA_A_FAVOR,PROTOCOLO_CHOCH,PUT_SOPORTE_CERCA_SIN_RUPTURA,IMPULSO_BAJISTA_FUERTE,TENDENCIA_BAJISTA,BAJISTA_NORMAL,MEDIO
USDVND-OTC|PUT|SWEEP_BAJISTA|SWEEP_RUPTURA_CONFIRMABLE|PROTOCOLO_SWEEP|PUT_SOPORTE_CERCA_SIN_RUPTURA|SIN_CONTEXTO_CLARO|RANGO|BAJISTA_DEBIL|MUY_BAJO,1,0,1,0.0,0,MUESTRA_INSUFICIENTE,USDVND-OTC,put,SWEEP_BAJISTA,SWEEP_RUPTURA_CONFIRMABLE,PROTOCOLO_SWEEP,PUT_SOPORTE_CERCA_SIN_RUPTURA,SIN_CONTEXTO_CLARO,RANGO,BAJISTA_DEBIL,MUY_BAJO
COCOA-OTC|CALL|REVERSION_ALCISTA|SWEEP_SIMPLE|PROTOCOLO_SWEEP|RECHAZO_COMPRADOR_SOPORTE|SIN_CONTEXTO_CLARO|TENDENCIA_BAJISTA|BAJISTA_FUERTE|BAJO,1,0,1,0.0,0,MUESTRA_INSUFICIENTE,COCOA-OTC,call,REVERSION_ALCISTA,SWEEP_SIMPLE,PROTOCOLO_SWEEP,RECHAZO_COMPRADOR_SOPORTE,SIN_CONTEXTO_CLARO,TENDENCIA_BAJISTA,BAJISTA_FUERTE,BAJO
EU50-OTC|PUT|CONTINUACION|PULLBACK_TENDENCIA_INSUFICIENTE|PROTOCOLO_PULLBACK|RECHAZO_VENDEDOR_RESISTENCIA|SIN_CONTEXTO_CLARO|TENDENCIA_BAJISTA|BAJISTA_NORMAL|MEDIO,1,0,1,0.0,0,MUESTRA_INSUFICIENTE,EU50-OTC,put,CONTINUACION,PULLBACK_TENDENCIA_INSUFICIENTE,PROTOCOLO_PULLBACK,RECHAZO_VENDEDOR_RESISTENCIA,SIN_CONTEXTO_CLARO,TENDENCIA_BAJISTA,BAJISTA_NORMAL,MEDIO
CARDANO-OTC|CALL|CONTINUACION|PULLBACK_TENDENCIA_INSUFICIENTE|PROTOCOLO_RUPTURA_RESISTENCIA|CALL_RESISTENCIA_CERCA_SIN_RUPTURA|IMPULSO_ALCISTA_FUERTE|TENDENCIA_ALCISTA|ALCISTA_NORMAL|MEDIO,1,0,1,0.0,0,MUESTRA_INSUFICIENTE,CARDANO-OTC,call,CONTINUACION,PULLBACK_TENDENCIA_INSUFICIENTE,PROTOCOLO_RUPTURA_RESISTENCIA,CALL_RESISTENCIA_CERCA_SIN_RUPTURA,IMPULSO_ALCISTA_FUERTE,TENDENCIA_ALCISTA,ALCISTA_NORMAL,MEDIO
EURTHB-OTC|CALL|REVERSION_ALCISTA|SWEEP_SIMPLE|PROTOCOLO_SWEEP|RECHAZO_COMPRADOR_SOPORTE|SIN_CONTEXTO_CLARO|TENDENCIA_BAJISTA|BAJISTA_NORMAL|MUY_BAJO,1,0,1,0.0,0,MUESTRA_INSUFICIENTE,EURTHB-OTC,call,REVERSION_ALCISTA,SWEEP_SIMPLE,PROTOCOLO_SWEEP,RECHAZO_COMPRADOR_SOPORTE,SIN_CONTEXTO_CLARO,TENDENCIA_BAJISTA,BAJISTA_NORMAL,MUY_BAJO
EURUSD-OTC|PUT|INDEFINIDO|ZONA_GENERICA|PROTOCOLO_REACCION_ZONA|PUT_ZONA_NEUTRA|IMPULSO_BAJISTA_FUERTE|TENDENCIA_ALCISTA|ALCISTA_NORMAL|BUENO,1,0,1,0.0,0,MUESTRA_INSUFICIENTE,EURUSD-OTC,put,INDEFINIDO,ZONA_GENERICA,PROTOCOLO_REACCION_ZONA,PUT_ZONA_NEUTRA,IMPULSO_BAJISTA_FUERTE,TENDENCIA_ALCISTA,ALCISTA_NORMAL,BUENO
EURUSD-OTC|CALL|CHOCH_ALCISTA|CHOCH_CON_PA_A_FAVOR|PROTOCOLO_RUPTURA_RESISTENCIA|CALL_RESISTENCIA_CERCA_SIN_RUPTURA|IMPULSO_ALCISTA_FUERTE|TENDENCIA_ALCISTA|ALCISTA_FUERTE|BUENO,1,0,1,0.0,0,MUESTRA_INSUFICIENTE,EURUSD-OTC,call,CHOCH_ALCISTA,CHOCH_CON_PA_A_FAVOR,PROTOCOLO_RUPTURA_RESISTENCIA,CALL_RESISTENCIA_CERCA_SIN_RUPTURA,IMPULSO_ALCISTA_FUERTE,TENDENCIA_ALCISTA,ALCISTA_FUERTE,BUENO
AUDUSD-OTC|PUT|CHOCH_BAJISTA|CHOCH_CON_PA_A_FAVOR|PROTOCOLO_CHOCH|PUT_SOPORTE_CERCA_SIN_RUPTURA|IMPULSO_BAJISTA_FUERTE|TENDENCIA_BAJISTA|BAJISTA_NORMAL|BUENO,1,0,1,0.0,0,MUESTRA_INSUFICIENTE,AUDUSD-OTC,put,CHOCH_BAJISTA,CHOCH_CON_PA_A_FAVOR,PROTOCOLO_CHOCH,PUT_SOPORTE_CERCA_SIN_RUPTURA,IMPULSO_BAJISTA_FUERTE,TENDENCIA_BAJISTA,BAJISTA_NORMAL,BUENO
IMXUSD-OTC|PUT|REVERSION_BAJISTA|SWEEP_RUPTURA_CONFIRMABLE|PROTOCOLO_SWEEP|PUT_SOPORTE_CERCA_SIN_RUPTURA|SIN_CONTEXTO_CLARO|TENDENCIA_ALCISTA|ALCISTA_NORMAL|MUY_BAJO,1,0,1,0.0,0,MUESTRA_INSUFICIENTE,IMXUSD-OTC,put,REVERSION_BAJISTA,SWEEP_RUPTURA_CONFIRMABLE,PROTOCOLO_SWEEP,PUT_SOPORTE_CERCA_SIN_RUPTURA,SIN_CONTEXTO_CLARO,TENDENCIA_ALCISTA,ALCISTA_NORMAL,MUY_BAJO
IMXUSD-OTC|PUT|SWEEP_BAJISTA|SWEEP_RUPTURA_CONFIRMABLE|PROTOCOLO_SWEEP|PUT_SOPORTE_CERCA_SIN_RUPTURA|SIN_CONTEXTO_CLARO|TENDENCIA_ALCISTA|ALCISTA_NORMAL|MUY_BAJO,1,0,1,0.0,0,MUESTRA_INSUFICIENTE,IMXUSD-OTC,put,SWEEP_BAJISTA,SWEEP_RUPTURA_CONFIRMABLE,PROTOCOLO_SWEEP,PUT_SOPORTE_CERCA_SIN_RUPTURA,SIN_CONTEXTO_CLARO,TENDENCIA_ALCISTA,ALCISTA_NORMAL,MUY_BAJO
INJUSD-OTC|PUT|CONTINUACION|PULLBACK_TENDENCIA_INSUFICIENTE|PROTOCOLO_PULLBACK|PUT_SOPORTE_CERCA_SIN_RUPTURA|IMPULSO_BAJISTA_FUERTE|TENDENCIA_BAJISTA|BAJISTA_NORMAL|MEDIO,1,0,1,0.0,0,MUESTRA_INSUFICIENTE,INJUSD-OTC,put,CONTINUACION,PULLBACK_TENDENCIA_INSUFICIENTE,PROTOCOLO_PULLBACK,PUT_SOPORTE_CERCA_SIN_RUPTURA,IMPULSO_BAJISTA_FUERTE,TENDENCIA_BAJISTA,BAJISTA_NORMAL,MEDIO
ONDOUSD-OTC|PUT|INDEFINIDO|ZONA_RECHAZO_CONFIRMADO|PROTOCOLO_REACCION_ZONA|PUT_ZONA_NEUTRA|RECHAZO_VENDEDOR_CONFIRMADO|TENDENCIA_ALCISTA|BAJISTA_NORMAL|PREMIUM,1,0,1,0.0,0,MUESTRA_INSUFICIENTE,ONDOUSD-OTC,put,INDEFINIDO,ZONA_RECHAZO_CONFIRMADO,PROTOCOLO_REACCION_ZONA,PUT_ZONA_NEUTRA,RECHAZO_VENDEDOR_CONFIRMADO,TENDENCIA_ALCISTA,BAJISTA_NORMAL,PREMIUM
CARDANO-OTC|PUT|SWEEP_BAJISTA|SWEEP_RUPTURA_CONFIRMABLE|PROTOCOLO_SWEEP|PUT_SOPORTE_CERCA_SIN_RUPTURA|SIN_CONTEXTO_CLARO|TENDENCIA_BAJISTA|BAJISTA_NORMAL|MUY_BAJO,1,0,1,0.0,0,MUESTRA_INSUFICIENTE,CARDANO-OTC,put,SWEEP_BAJISTA,SWEEP_RUPTURA_CONFIRMABLE,PROTOCOLO_SWEEP,PUT_SOPORTE_CERCA_SIN_RUPTURA,SIN_CONTEXTO_CLARO,TENDENCIA_BAJISTA,BAJISTA_NORMAL,MUY_BAJO
EURUSD-OTC|PUT|CHOCH_BAJISTA|CHOCH_CON_PA_A_FAVOR|PROTOCOLO_CHOCH|PUT_SOPORTE_CERCA_SIN_RUPTURA|IMPULSO_BAJISTA_FUERTE|TENDENCIA_BAJISTA|BAJISTA_NORMAL|MEDIO,1,0,1,0.0,0,MUESTRA_INSUFICIENTE,EURUSD-OTC,put,CHOCH_BAJISTA,CHOCH_CON_PA_A_FAVOR,PROTOCOLO_CHOCH,PUT_SOPORTE_CERCA_SIN_RUPTURA,IMPULSO_BAJISTA_FUERTE,TENDENCIA_BAJISTA,BAJISTA_NORMAL,MEDIO
EURTHB-OTC|PUT|CONTINUACION|PULLBACK_TENDENCIA_INSUFICIENTE|PROTOCOLO_PULLBACK|RECHAZO_VENDEDOR_RESISTENCIA|SIN_CONTEXTO_CLARO|TENDENCIA_BAJISTA|BAJISTA_NORMAL|MEDIO,1,0,1,0.0,0,MUESTRA_INSUFICIENTE,EURTHB-OTC,put,CONTINUACION,PULLBACK_TENDENCIA_INSUFICIENTE,PROTOCOLO_PULLBACK,RECHAZO_VENDEDOR_RESISTENCIA,SIN_CONTEXTO_CLARO,TENDENCIA_BAJISTA,BAJISTA_NORMAL,MEDIO
COCOA-OTC|PUT|SWEEP_BAJISTA|SWEEP_SIMPLE|PROTOCOLO_SWEEP|RECHAZO_VENDEDOR_RESISTENCIA|SIN_CONTEXTO_CLARO|TENDENCIA_ALCISTA|ALCISTA_NORMAL|MUY_BAJO,1,0,1,0.0,0,MUESTRA_INSUFICIENTE,COCOA-OTC,put,SWEEP_BAJISTA,SWEEP_SIMPLE,PROTOCOLO_SWEEP,RECHAZO_VENDEDOR_RESISTENCIA,SIN_CONTEXTO_CLARO,TENDENCIA_ALCISTA,ALCISTA_NORMAL,MUY_BAJO
EURTHB-OTC|CALL|CHOCH_ALCISTA|CHOCH_CON_PA_A_FAVOR|PROTOCOLO_RUPTURA_RESISTENCIA|CALL_RESISTENCIA_CERCA_SIN_RUPTURA|IMPULSO_ALCISTA_FUERTE|TENDENCIA_ALCISTA|ALCISTA_NORMAL|MEDIO,1,0,1,0.0,0,MUESTRA_INSUFICIENTE,EURTHB-OTC,call,CHOCH_ALCISTA,CHOCH_CON_PA_A_FAVOR,PROTOCOLO_RUPTURA_RESISTENCIA,CALL_RESISTENCIA_CERCA_SIN_RUPTURA,IMPULSO_ALCISTA_FUERTE,TENDENCIA_ALCISTA,ALCISTA_NORMAL,MEDIO
FB-OTC|PUT|SWEEP_BAJISTA|SWEEP_RUPTURA_CONFIRMABLE|PROTOCOLO_SWEEP|PUT_SOPORTE_CERCA_SIN_RUPTURA|SIN_CONTEXTO_CLARO|TENDENCIA_BAJISTA|BAJISTA_DEBIL|MUY_BAJO,1,0,1,0.0,0,MUESTRA_INSUFICIENTE,FB-OTC,put,SWEEP_BAJISTA,SWEEP_RUPTURA_CONFIRMABLE,PROTOCOLO_SWEEP,PUT_SOPORTE_CERCA_SIN_RUPTURA,SIN_CONTEXTO_CLARO,TENDENCIA_BAJISTA,BAJISTA_DEBIL,MUY_BAJO
FB-OTC|PUT|SWEEP_BAJISTA|SWEEP_RUPTURA_CONFIRMABLE|PROTOCOLO_SWEEP|PUT_SOPORTE_CERCA_SIN_RUPTURA|SIN_CONTEXTO_CLARO|RANGO|BAJISTA_DEBIL|BAJO,1,0,1,0.0,0,MUESTRA_INSUFICIENTE,FB-OTC,put,SWEEP_BAJISTA,SWEEP_RUPTURA_CONFIRMABLE,PROTOCOLO_SWEEP,PUT_SOPORTE_CERCA_SIN_RUPTURA,SIN_CONTEXTO_CLARO,RANGO,BAJISTA_DEBIL,BAJO
FB-OTC|PUT|SWEEP_BAJISTA|SWEEP_RUPTURA_CONFIRMABLE|PROTOCOLO_SWEEP|PUT_SOPORTE_CERCA_SIN_RUPTURA|SIN_CONTEXTO_CLARO|RANGO|BAJISTA_NORMAL|BAJO,1,0,1,0.0,0,MUESTRA_INSUFICIENTE,FB-OTC,put,SWEEP_BAJISTA,SWEEP_RUPTURA_CONFIRMABLE,PROTOCOLO_SWEEP,PUT_SOPORTE_CERCA_SIN_RUPTURA,SIN_CONTEXTO_CLARO,RANGO,BAJISTA_NORMAL,BAJO
FB-OTC|PUT|INDEFINIDO|ZONA_RECHAZO_CONFIRMADO|PROTOCOLO_REACCION_ZONA|PUT_SOPORTE_CERCA_SIN_RUPTURA|RECHAZO_VENDEDOR_CONFIRMADO|RANGO|BAJISTA_DEBIL|BUENO,1,0,1,0.0,0,MUESTRA_INSUFICIENTE,FB-OTC,put,INDEFINIDO,ZONA_RECHAZO_CONFIRMADO,PROTOCOLO_REACCION_ZONA,PUT_SOPORTE_CERCA_SIN_RUPTURA,RECHAZO_VENDEDOR_CONFIRMADO,RANGO,BAJISTA_DEBIL,BUENO
EU50-OTC|CALL|CHOCH_ALCISTA|CHOCH_CON_PA_A_FAVOR|PROTOCOLO_RUPTURA_RESISTENCIA|CALL_RESISTENCIA_CERCA_SIN_RUPTURA|IMPULSO_ALCISTA_FUERTE|TENDENCIA_ALCISTA|ALCISTA_FUERTE|BUENO,1,0,1,0.0,0,MUESTRA_INSUFICIENTE,EU50-OTC,call,CHOCH_ALCISTA,CHOCH_CON_PA_A_FAVOR,PROTOCOLO_RUPTURA_RESISTENCIA,CALL_RESISTENCIA_CERCA_SIN_RUPTURA,IMPULSO_ALCISTA_FUERTE,TENDENCIA_ALCISTA,ALCISTA_FUERTE,BUENO
EU50-OTC|CALL|CHOCH_ALCISTA|CHOCH_CON_PA_A_FAVOR|PROTOCOLO_RUPTURA_RESISTENCIA|CALL_RESISTENCIA_CERCA_SIN_RUPTURA|IMPULSO_ALCISTA_FUERTE|TENDENCIA_ALCISTA|ALCISTA_FUERTE|ALTO,1,0,1,0.0,0,MUESTRA_INSUFICIENTE,EU50-OTC,call,CHOCH_ALCISTA,CHOCH_CON_PA_A_FAVOR,PROTOCOLO_RUPTURA_RESISTENCIA,CALL_RESISTENCIA_CERCA_SIN_RUPTURA,IMPULSO_ALCISTA_FUERTE,TENDENCIA_ALCISTA,ALCISTA_FUERTE,ALTO
EU50-OTC|PUT|SWEEP_BAJISTA|SWEEP_SIMPLE|PROTOCOLO_SWEEP|RECHAZO_VENDEDOR_RESISTENCIA|SIN_CONTEXTO_CLARO|TENDENCIA_ALCISTA|ALCISTA_DEBIL|MUY_BAJO,1,0,1,0.0,0,MUESTRA_INSUFICIENTE,EU50-OTC,put,SWEEP_BAJISTA,SWEEP_SIMPLE,PROTOCOLO_SWEEP,RECHAZO_VENDEDOR_RESISTENCIA,SIN_CONTEXTO_CLARO,TENDENCIA_ALCISTA,ALCISTA_DEBIL,MUY_BAJO
EURGBP-OTC|PUT|CHOCH_BAJISTA|CHOCH_CON_PA_A_FAVOR|PROTOCOLO_CHOCH|PUT_SOPORTE_CERCA_SIN_RUPTURA|IMPULSO_BAJISTA_FUERTE|TENDENCIA_BAJISTA|BAJISTA_NORMAL|MEDIO,1,0,1,0.0,0,MUESTRA_INSUFICIENTE,EURGBP-OTC,put,CHOCH_BAJISTA,CHOCH_CON_PA_A_FAVOR,PROTOCOLO_CHOCH,PUT_SOPORTE_CERCA_SIN_RUPTURA,IMPULSO_BAJISTA_FUERTE,TENDENCIA_BAJISTA,BAJISTA_NORMAL,MEDIO
ONDOUSD-OTC|PUT|SWEEP_BAJISTA|SWEEP_RUPTURA_CONFIRMABLE|PROTOCOLO_SWEEP|PUT_SOPORTE_CERCA_SIN_RUPTURA|SIN_CONTEXTO_CLARO|TENDENCIA_ALCISTA|ALCISTA_NORMAL|MUY_BAJO,1,0,1,0.0,0,MUESTRA_INSUFICIENTE,ONDOUSD-OTC,put,SWEEP_BAJISTA,SWEEP_RUPTURA_CONFIRMABLE,PROTOCOLO_SWEEP,PUT_SOPORTE_CERCA_SIN_RUPTURA,SIN_CONTEXTO_CLARO,TENDENCIA_ALCISTA,ALCISTA_NORMAL,MUY_BAJO
AUDUSD-OTC|CALL|CHOCH_ALCISTA|CHOCH_CON_PA_A_FAVOR|PROTOCOLO_CHOCH|CALL_ZONA_NEUTRA|IMPULSO_ALCISTA_FUERTE|TENDENCIA_ALCISTA|ALCISTA_NORMAL|ALTO,1,0,1,0.0,0,MUESTRA_INSUFICIENTE,AUDUSD-OTC,call,CHOCH_ALCISTA,CHOCH_CON_PA_A_FAVOR,PROTOCOLO_CHOCH,CALL_ZONA_NEUTRA,IMPULSO_ALCISTA_FUERTE,TENDENCIA_ALCISTA,ALCISTA_NORMAL,ALTO
MSFT-OTC|CALL|CONTINUACION|PULLBACK_TENDENCIA_INSUFICIENTE|PROTOCOLO_RUPTURA_RESISTENCIA|CALL_RESISTENCIA_CERCA_SIN_RUPTURA|IMPULSO_ALCISTA_FUERTE|TENDENCIA_ALCISTA|ALCISTA_NORMAL|MEDIO,1,0,1,0.0,0,MUESTRA_INSUFICIENTE,MSFT-OTC,call,CONTINUACION,PULLBACK_TENDENCIA_INSUFICIENTE,PROTOCOLO_RUPTURA_RESISTENCIA,CALL_RESISTENCIA_CERCA_SIN_RUPTURA,IMPULSO_ALCISTA_FUERTE,TENDENCIA_ALCISTA,ALCISTA_NORMAL,MEDIO
INJUSD-OTC|PUT|RECHAZO_BAJISTA|ZONA_RECHAZO_CONFIRMADO|PROTOCOLO_REACCION_ZONA|PUT_ZONA_NEUTRA|RECHAZO_VENDEDOR_CONFIRMADO|TENDENCIA_ALCISTA|ALCISTA_DEBIL|MEDIO,1,0,1,0.0,0,MUESTRA_INSUFICIENTE,INJUSD-OTC,put,RECHAZO_BAJISTA,ZONA_RECHAZO_CONFIRMADO,PROTOCOLO_REACCION_ZONA,PUT_ZONA_NEUTRA,RECHAZO_VENDEDOR_CONFIRMADO,TENDENCIA_ALCISTA,ALCISTA_DEBIL,MEDIO
EURGBP-OTC|PUT|SWEEP_BAJISTA|SWEEP_RUPTURA_CONFIRMABLE|PROTOCOLO_SWEEP|PUT_SOPORTE_CERCA_SIN_RUPTURA|SIN_CONTEXTO_CLARO|RANGO|ALCISTA_AGOTADA|MUY_BAJO,1,0,1,0.0,0,MUESTRA_INSUFICIENTE,EURGBP-OTC,put,SWEEP_BAJISTA,SWEEP_RUPTURA_CONFIRMABLE,PROTOCOLO_SWEEP,PUT_SOPORTE_CERCA_SIN_RUPTURA,SIN_CONTEXTO_CLARO,RANGO,ALCISTA_AGOTADA,MUY_BAJO
COCOA-OTC|PUT|SWEEP_BAJISTA|SWEEP_RUPTURA_CONFIRMABLE|PROTOCOLO_SWEEP|PUT_SOPORTE_CERCA_SIN_RUPTURA|IMPULSO_BAJISTA_FUERTE|RANGO|BAJISTA_DEBIL|BUENO,1,0,1,0.0,0,MUESTRA_INSUFICIENTE,COCOA-OTC,put,SWEEP_BAJISTA,SWEEP_RUPTURA_CONFIRMABLE,PROTOCOLO_SWEEP,PUT_SOPORTE_CERCA_SIN_RUPTURA,IMPULSO_BAJISTA_FUERTE,RANGO,BAJISTA_DEBIL,BUENO
SUIUSD-OTC|PUT|CHOCH_BAJISTA|CHOCH_CON_PA_A_FAVOR|PROTOCOLO_CHOCH|PUT_ZONA_NEUTRA|RECHAZO_VENDEDOR_CONFIRMADO|TENDENCIA_BAJISTA|BAJISTA_NORMAL|PREMIUM,1,0,1,0.0,0,MUESTRA_INSUFICIENTE,SUIUSD-OTC,put,CHOCH_BAJISTA,CHOCH_CON_PA_A_FAVOR,PROTOCOLO_CHOCH,PUT_ZONA_NEUTRA,RECHAZO_VENDEDOR_CONFIRMADO,TENDENCIA_BAJISTA,BAJISTA_NORMAL,PREMIUM
FARTCOINUSD-OTC|PUT|CHOCH_BAJISTA|CHOCH_CON_PA_A_FAVOR|PROTOCOLO_CHOCH|PUT_SOPORTE_CERCA_SIN_RUPTURA|IMPULSO_BAJISTA_FUERTE|TENDENCIA_BAJISTA|BAJISTA_NORMAL|MEDIO,1,0,1,0.0,0,MUESTRA_INSUFICIENTE,FARTCOINUSD-OTC,put,CHOCH_BAJISTA,CHOCH_CON_PA_A_FAVOR,PROTOCOLO_CHOCH,PUT_SOPORTE_CERCA_SIN_RUPTURA,IMPULSO_BAJISTA_FUERTE,TENDENCIA_BAJISTA,BAJISTA_NORMAL,MEDIO
MSFT-OTC|PUT|REVERSION_BAJISTA|SWEEP_RUPTURA_CONFIRMABLE|PROTOCOLO_SWEEP|PUT_SOPORTE_CERCA_SIN_RUPTURA|SIN_CONTEXTO_CLARO|TENDENCIA_ALCISTA|ALCISTA_NORMAL|MUY_BAJO,1,0,1,0.0,0,MUESTRA_INSUFICIENTE,MSFT-OTC,put,REVERSION_BAJISTA,SWEEP_RUPTURA_CONFIRMABLE,PROTOCOLO_SWEEP,PUT_SOPORTE_CERCA_SIN_RUPTURA,SIN_CONTEXTO_CLARO,TENDENCIA_ALCISTA,ALCISTA_NORMAL,MUY_BAJO
AUDUSD-OTC|CALL|REVERSION_ALCISTA|SWEEP_SIMPLE|PROTOCOLO_SWEEP|RECHAZO_COMPRADOR_SOPORTE|SIN_CONTEXTO_CLARO|RANGO|ALCISTA_DEBIL|BAJO,1,0,1,0.0,0,MUESTRA_INSUFICIENTE,AUDUSD-OTC,call,REVERSION_ALCISTA,SWEEP_SIMPLE,PROTOCOLO_SWEEP,RECHAZO_COMPRADOR_SOPORTE,SIN_CONTEXTO_CLARO,RANGO,ALCISTA_DEBIL,BAJO
USDVND-OTC|PUT|SWEEP_BAJISTA|SWEEP_RUPTURA_CONFIRMABLE|PROTOCOLO_SWEEP|PUT_SOPORTE_CERCA_SIN_RUPTURA|SIN_CONTEXTO_CLARO|TENDENCIA_ALCISTA|ALCISTA_FUERTE|MUY_BAJO,1,0,1,0.0,0,MUESTRA_INSUFICIENTE,USDVND-OTC,put,SWEEP_BAJISTA,SWEEP_RUPTURA_CONFIRMABLE,PROTOCOLO_SWEEP,PUT_SOPORTE_CERCA_SIN_RUPTURA,SIN_CONTEXTO_CLARO,TENDENCIA_ALCISTA,ALCISTA_FUERTE,MUY_BAJO
SATSUSD-OTC|CALL|CONTINUACION|ZONA_GENERICA|PROTOCOLO_REACCION_ZONA|RECHAZO_COMPRADOR_SOPORTE|IMPULSO_ALCISTA_FUERTE|TENDENCIA_ALCISTA|ALCISTA_NORMAL|ALTO,1,0,1,0.0,0,MUESTRA_INSUFICIENTE,SATSUSD-OTC,call,CONTINUACION,ZONA_GENERICA,PROTOCOLO_REACCION_ZONA,RECHAZO_COMPRADOR_SOPORTE,IMPULSO_ALCISTA_FUERTE,TENDENCIA_ALCISTA,ALCISTA_NORMAL,ALTO
CADJPY-OTC|PUT|CHOCH_BAJISTA|CHOCH_CON_PA_A_FAVOR|PROTOCOLO_CHOCH|PUT_SOPORTE_CERCA_SIN_RUPTURA|IMPULSO_BAJISTA_FUERTE|TENDENCIA_BAJISTA|BAJISTA_NORMAL|BUENO,1,0,1,0.0,0,MUESTRA_INSUFICIENTE,CADJPY-OTC,put,CHOCH_BAJISTA,CHOCH_CON_PA_A_FAVOR,PROTOCOLO_CHOCH,PUT_SOPORTE_CERCA_SIN_RUPTURA,IMPULSO_BAJISTA_FUERTE,TENDENCIA_BAJISTA,BAJISTA_NORMAL,BUENO
CARDANO-OTC|CALL|CHOCH_ALCISTA|CHOCH_CON_PA_A_FAVOR|PROTOCOLO_RUPTURA_RESISTENCIA|CALL_RESISTENCIA_CERCA_SIN_RUPTURA|IMPULSO_ALCISTA_FUERTE|TENDENCIA_ALCISTA|ALCISTA_NORMAL|BUENO,1,0,1,0.0,0,MUESTRA_INSUFICIENTE,CARDANO-OTC,call,CHOCH_ALCISTA,CHOCH_CON_PA_A_FAVOR,PROTOCOLO_RUPTURA_RESISTENCIA,CALL_RESISTENCIA_CERCA_SIN_RUPTURA,IMPULSO_ALCISTA_FUERTE,TENDENCIA_ALCISTA,ALCISTA_NORMAL,BUENO
INJUSD-OTC|PUT|INDEFINIDO|ZONA_RECHAZO_CONFIRMADO|PROTOCOLO_REACCION_ZONA|PUT_SOPORTE_CERCA_SIN_RUPTURA|RECHAZO_VENDEDOR_CONFIRMADO|RANGO|ALCISTA_DEBIL|BAJO,1,0,1,0.0,0,MUESTRA_INSUFICIENTE,INJUSD-OTC,put,INDEFINIDO,ZONA_RECHAZO_CONFIRMADO,PROTOCOLO_REACCION_ZONA,PUT_SOPORTE_CERCA_SIN_RUPTURA,RECHAZO_VENDEDOR_CONFIRMADO,RANGO,ALCISTA_DEBIL,BAJO
ONDOUSD-OTC|PUT|CONTINUACION|PULLBACK_TENDENCIA_INSUFICIENTE|PROTOCOLO_PULLBACK|RECHAZO_VENDEDOR_RESISTENCIA|SIN_CONTEXTO_CLARO|TENDENCIA_BAJISTA|BAJISTA_FUERTE|MEDIO,1,0,1,0.0,0,MUESTRA_INSUFICIENTE,ONDOUSD-OTC,put,CONTINUACION,PULLBACK_TENDENCIA_INSUFICIENTE,PROTOCOLO_PULLBACK,RECHAZO_VENDEDOR_RESISTENCIA,SIN_CONTEXTO_CLARO,TENDENCIA_BAJISTA,BAJISTA_FUERTE,MEDIO
INJUSD-OTC|CALL|SWEEP_ALCISTA|SWEEP_SIMPLE|PROTOCOLO_SWEEP|RECHAZO_COMPRADOR_SOPORTE|SIN_CONTEXTO_CLARO|TENDENCIA_BAJISTA|BAJISTA_DEBIL|MUY_BAJO,1,0,1,0.0,0,MUESTRA_INSUFICIENTE,INJUSD-OTC,call,SWEEP_ALCISTA,SWEEP_SIMPLE,PROTOCOLO_SWEEP,RECHAZO_COMPRADOR_SOPORTE,SIN_CONTEXTO_CLARO,TENDENCIA_BAJISTA,BAJISTA_DEBIL,MUY_BAJO
SUIUSD-OTC|PUT|CONTINUACION|PULLBACK_TENDENCIA_INSUFICIENTE|PROTOCOLO_PULLBACK|PUT_SOPORTE_CERCA_SIN_RUPTURA|IMPULSO_BAJISTA_FUERTE|TENDENCIA_BAJISTA|BAJISTA_FUERTE|MEDIO,1,0,1,0.0,0,MUESTRA_INSUFICIENTE,SUIUSD-OTC,put,CONTINUACION,PULLBACK_TENDENCIA_INSUFICIENTE,PROTOCOLO_PULLBACK,PUT_SOPORTE_CERCA_SIN_RUPTURA,IMPULSO_BAJISTA_FUERTE,TENDENCIA_BAJISTA,BAJISTA_FUERTE,MEDIO
FETUSD-OTC|CALL|CONTINUACION|PULLBACK_TENDENCIA_INSUFICIENTE|PROTOCOLO_PULLBACK|RECHAZO_COMPRADOR_SOPORTE|SIN_CONTEXTO_CLARO|TENDENCIA_ALCISTA|ALCISTA_FUERTE|MEDIO,1,0,1,0.0,0,MUESTRA_INSUFICIENTE,FETUSD-OTC,call,CONTINUACION,PULLBACK_TENDENCIA_INSUFICIENTE,PROTOCOLO_PULLBACK,RECHAZO_COMPRADOR_SOPORTE,SIN_CONTEXTO_CLARO,TENDENCIA_ALCISTA,ALCISTA_FUERTE,MEDIO
EURGBP-OTC|PUT|CHOCH_BAJISTA|CHOCH_CON_PA_A_FAVOR|PROTOCOLO_CHOCH|PUT_SOPORTE_CERCA_SIN_RUPTURA|IMPULSO_BAJISTA_FUERTE|TENDENCIA_BAJISTA|BAJISTA_FUERTE|BUENO,1,0,1,0.0,0,MUESTRA_INSUFICIENTE,EURGBP-OTC,put,CHOCH_BAJISTA,CHOCH_CON_PA_A_FAVOR,PROTOCOLO_CHOCH,PUT_SOPORTE_CERCA_SIN_RUPTURA,IMPULSO_BAJISTA_FUERTE,TENDENCIA_BAJISTA,BAJISTA_FUERTE,BUENO
MSFT-OTC|PUT|SWEEP_BAJISTA|SWEEP_RUPTURA_CONFIRMABLE|PROTOCOLO_SWEEP|PUT_SOPORTE_CERCA_SIN_RUPTURA|SIN_CONTEXTO_CLARO|RANGO|BAJISTA_DEBIL|MUY_BAJO,1,0,1,0.0,0,MUESTRA_INSUFICIENTE,MSFT-OTC,put,SWEEP_BAJISTA,SWEEP_RUPTURA_CONFIRMABLE,PROTOCOLO_SWEEP,PUT_SOPORTE_CERCA_SIN_RUPTURA,SIN_CONTEXTO_CLARO,RANGO,BAJISTA_DEBIL,MUY_BAJO
EU50-OTC|PUT|CONTINUACION|ZONA_GENERICA|PROTOCOLO_REACCION_ZONA|RECHAZO_VENDEDOR_RESISTENCIA|IMPULSO_BAJISTA_FUERTE|TENDENCIA_BAJISTA|BAJISTA_NORMAL|ALTO,1,0,1,0.0,0,MUESTRA_INSUFICIENTE,EU50-OTC,put,CONTINUACION,ZONA_GENERICA,PROTOCOLO_REACCION_ZONA,RECHAZO_VENDEDOR_RESISTENCIA,IMPULSO_BAJISTA_FUERTE,TENDENCIA_BAJISTA,BAJISTA_NORMAL,ALTO
INJUSD-OTC|PUT|SWEEP_BAJISTA|SWEEP_RUPTURA_CONFIRMABLE|PROTOCOLO_SWEEP|PUT_SOPORTE_CERCA_SIN_RUPTURA|SIN_CONTEXTO_CLARO|TENDENCIA_ALCISTA|ALCISTA_FUERTE|MUY_BAJO,1,0,1,0.0,0,MUESTRA_INSUFICIENTE,INJUSD-OTC,put,SWEEP_BAJISTA,SWEEP_RUPTURA_CONFIRMABLE,PROTOCOLO_SWEEP,PUT_SOPORTE_CERCA_SIN_RUPTURA,SIN_CONTEXTO_CLARO,TENDENCIA_ALCISTA,ALCISTA_FUERTE,MUY_BAJO
CADJPY-OTC|CALL|CONTINUACION|PULLBACK_TENDENCIA_INSUFICIENTE|PROTOCOLO_PULLBACK|RECHAZO_COMPRADOR_SOPORTE|SIN_CONTEXTO_CLARO|TENDENCIA_ALCISTA|ALCISTA_NORMAL|MEDIO,1,0,1,0.0,0,MUESTRA_INSUFICIENTE,CADJPY-OTC,call,CONTINUACION,PULLBACK_TENDENCIA_INSUFICIENTE,PROTOCOLO_PULLBACK,RECHAZO_COMPRADOR_SOPORTE,SIN_CONTEXTO_CLARO,TENDENCIA_ALCISTA,ALCISTA_NORMAL,MEDIO
CARDANO-OTC|PUT|CONTINUACION|PULLBACK_BALANCE_POSITIVO|PROTOCOLO_PULLBACK|PUT_SOPORTE_CERCA_SIN_RUPTURA|IMPULSO_BAJISTA_FUERTE|TENDENCIA_BAJISTA|BAJISTA_NORMAL|MEDIO,1,0,1,0.0,0,MUESTRA_INSUFICIENTE,CARDANO-OTC,put,CONTINUACION,PULLBACK_BALANCE_POSITIVO,PROTOCOLO_PULLBACK,PUT_SOPORTE_CERCA_SIN_RUPTURA,IMPULSO_BAJISTA_FUERTE,TENDENCIA_BAJISTA,BAJISTA_NORMAL,MEDIO
CARDANO-OTC|PUT|CHOCH_BAJISTA|CHOCH_CON_PA_A_FAVOR|PROTOCOLO_CHOCH|PUT_SOPORTE_CERCA_SIN_RUPTURA|IMPULSO_BAJISTA_FUERTE|TENDENCIA_BAJISTA|BAJISTA_NORMAL|MEDIO,1,0,1,0.0,0,MUESTRA_INSUFICIENTE,CARDANO-OTC,put,CHOCH_BAJISTA,CHOCH_CON_PA_A_FAVOR,PROTOCOLO_CHOCH,PUT_SOPORTE_CERCA_SIN_RUPTURA,IMPULSO_BAJISTA_FUERTE,TENDENCIA_BAJISTA,BAJISTA_NORMAL,MEDIO
COCOA-OTC|PUT|CONTINUACION|PULLBACK_BALANCE_POSITIVO|PROTOCOLO_PULLBACK|PUT_ZONA_NEUTRA|RECHAZO_VENDEDOR_CONFIRMADO|TENDENCIA_BAJISTA|BAJISTA_NORMAL|PREMIUM,1,0,1,0.0,0,MUESTRA_INSUFICIENTE,COCOA-OTC,put,CONTINUACION,PULLBACK_BALANCE_POSITIVO,PROTOCOLO_PULLBACK,PUT_ZONA_NEUTRA,RECHAZO_VENDEDOR_CONFIRMADO,TENDENCIA_BAJISTA,BAJISTA_NORMAL,PREMIUM
FB-OTC|PUT|CHOCH_BAJISTA|CHOCH_CON_PA_A_FAVOR|PROTOCOLO_CHOCH|PUT_ZONA_NEUTRA|IMPULSO_BAJISTA_FUERTE|TENDENCIA_BAJISTA|BAJISTA_FUERTE|ALTO,1,0,1,0.0,0,MUESTRA_INSUFICIENTE,FB-OTC,put,CHOCH_BAJISTA,CHOCH_CON_PA_A_FAVOR,PROTOCOLO_CHOCH,PUT_ZONA_NEUTRA,IMPULSO_BAJISTA_FUERTE,TENDENCIA_BAJISTA,BAJISTA_FUERTE,ALTO
AIRLINES-OTC|PUT|CHOCH_BAJISTA|CHOCH_CON_PA_A_FAVOR|PROTOCOLO_CHOCH|PUT_SOPORTE_CERCA_SIN_RUPTURA|IMPULSO_BAJISTA_FUERTE|TENDENCIA_BAJISTA|BAJISTA_NORMAL|BUENO,1,0,1,0.0,0,MUESTRA_INSUFICIENTE,AIRLINES-OTC,put,CHOCH_BAJISTA,CHOCH_CON_PA_A_FAVOR,PROTOCOLO_CHOCH,PUT_SOPORTE_CERCA_SIN_RUPTURA,IMPULSO_BAJISTA_FUERTE,TENDENCIA_BAJISTA,BAJISTA_NORMAL,BUENO
MSFT-OTC|PUT|CHOCH_BAJISTA|CHOCH_CON_PA_A_FAVOR|PROTOCOLO_CHOCH|PUT_SOPORTE_CERCA_SIN_RUPTURA|RECHAZO_VENDEDOR_CONFIRMADO|TENDENCIA_BAJISTA|BAJISTA_NORMAL|BUENO,1,0,1,0.0,0,MUESTRA_INSUFICIENTE,MSFT-OTC,put,CHOCH_BAJISTA,CHOCH_CON_PA_A_FAVOR,PROTOCOLO_CHOCH,PUT_SOPORTE_CERCA_SIN_RUPTURA,RECHAZO_VENDEDOR_CONFIRMADO,TENDENCIA_BAJISTA,BAJISTA_NORMAL,BUENO
MSFT-OTC|PUT|CHOCH_BAJISTA|CHOCH_CON_PA_A_FAVOR|PROTOCOLO_CHOCH|PUT_SOPORTE_CERCA_SIN_RUPTURA|IMPULSO_BAJISTA_FUERTE|TENDENCIA_BAJISTA|BAJISTA_FUERTE|BUENO,1,0,1,0.0,0,MUESTRA_INSUFICIENTE,MSFT-OTC,put,CHOCH_BAJISTA,CHOCH_CON_PA_A_FAVOR,PROTOCOLO_CHOCH,PUT_SOPORTE_CERCA_SIN_RUPTURA,IMPULSO_BAJISTA_FUERTE,TENDENCIA_BAJISTA,BAJISTA_FUERTE,BUENO
SATSUSD-OTC|CALL|SWEEP_ALCISTA|SWEEP_SIMPLE|PROTOCOLO_SWEEP|RECHAZO_COMPRADOR_SOPORTE|SIN_CONTEXTO_CLARO|TENDENCIA_BAJISTA|BAJISTA_NORMAL|MUY_BAJO,1,0,1,0.0,0,MUESTRA_INSUFICIENTE,SATSUSD-OTC,call,SWEEP_ALCISTA,SWEEP_SIMPLE,PROTOCOLO_SWEEP,RECHAZO_COMPRADOR_SOPORTE,SIN_CONTEXTO_CLARO,TENDENCIA_BAJISTA,BAJISTA_NORMAL,MUY_BAJO
FETUSD-OTC|PUT|SWEEP_BAJISTA|SWEEP_RUPTURA_CONFIRMABLE|PROTOCOLO_SWEEP|PUT_SOPORTE_CERCA_SIN_RUPTURA|SIN_CONTEXTO_CLARO|TENDENCIA_ALCISTA|ALCISTA_NORMAL|MUY_BAJO,1,0,1,0.0,0,MUESTRA_INSUFICIENTE,FETUSD-OTC,put,SWEEP_BAJISTA,SWEEP_RUPTURA_CONFIRMABLE,PROTOCOLO_SWEEP,PUT_SOPORTE_CERCA_SIN_RUPTURA,SIN_CONTEXTO_CLARO,TENDENCIA_ALCISTA,ALCISTA_NORMAL,MUY_BAJO
FETUSD-OTC|PUT|SWEEP_BAJISTA|SWEEP_RUPTURA_CONFIRMABLE|PROTOCOLO_SWEEP|PUT_SOPORTE_CERCA_SIN_RUPTURA|SIN_CONTEXTO_CLARO|TENDENCIA_ALCISTA|ALCISTA_FUERTE|MUY_BAJO,1,0,1,0.0,0,MUESTRA_INSUFICIENTE,FETUSD-OTC,put,SWEEP_BAJISTA,SWEEP_RUPTURA_CONFIRMABLE,PROTOCOLO_SWEEP,PUT_SOPORTE_CERCA_SIN_RUPTURA,SIN_CONTEXTO_CLARO,TENDENCIA_ALCISTA,ALCISTA_FUERTE,MUY_BAJO
AUDUSD-OTC|CALL|SWEEP_ALCISTA|SWEEP_SIMPLE|PROTOCOLO_SWEEP|RECHAZO_COMPRADOR_SOPORTE|SIN_CONTEXTO_CLARO|TENDENCIA_ALCISTA|ALCISTA_DEBIL|MEDIO,1,0,1,0.0,0,MUESTRA_INSUFICIENTE,AUDUSD-OTC,call,SWEEP_ALCISTA,SWEEP_SIMPLE,PROTOCOLO_SWEEP,RECHAZO_COMPRADOR_SOPORTE,SIN_CONTEXTO_CLARO,TENDENCIA_ALCISTA,ALCISTA_DEBIL,MEDIO
CARDANO-OTC|PUT|INDEFINIDO|ZONA_GENERICA|PROTOCOLO_REACCION_ZONA|PUT_ZONA_NEUTRA|IMPULSO_BAJISTA_FUERTE|TENDENCIA_ALCISTA|ALCISTA_NORMAL|MEDIO,1,0,1,0.0,0,MUESTRA_INSUFICIENTE,CARDANO-OTC,put,INDEFINIDO,ZONA_GENERICA,PROTOCOLO_REACCION_ZONA,PUT_ZONA_NEUTRA,IMPULSO_BAJISTA_FUERTE,TENDENCIA_ALCISTA,ALCISTA_NORMAL,MEDIO
EURTHB-OTC|PUT|CHOCH_BAJISTA|CHOCH_CON_PA_A_FAVOR|PROTOCOLO_CHOCH|PUT_SOPORTE_CERCA_SIN_RUPTURA|IMPULSO_BAJISTA_FUERTE|RANGO|ALCISTA_NORMAL|BAJO,1,0,1,0.0,0,MUESTRA_INSUFICIENTE,EURTHB-OTC,put,CHOCH_BAJISTA,CHOCH_CON_PA_A_FAVOR,PROTOCOLO_CHOCH,PUT_SOPORTE_CERCA_SIN_RUPTURA,IMPULSO_BAJISTA_FUERTE,RANGO,ALCISTA_NORMAL,BAJO
AUDUSD-OTC|PUT|INDEFINIDO|ZONA_RECHAZO_CONFIRMADO|PROTOCOLO_REACCION_ZONA|PUT_SOPORTE_CERCA_SIN_RUPTURA|RECHAZO_VENDEDOR_CONFIRMADO|RANGO|BAJISTA_DEBIL|BUENO,1,0,1,0.0,0,MUESTRA_INSUFICIENTE,AUDUSD-OTC,put,INDEFINIDO,ZONA_RECHAZO_CONFIRMADO,PROTOCOLO_REACCION_ZONA,PUT_SOPORTE_CERCA_SIN_RUPTURA,RECHAZO_VENDEDOR_CONFIRMADO,RANGO,BAJISTA_DEBIL,BUENO
MSFT-OTC|PUT|CONTINUACION|PULLBACK_BALANCE_POSITIVO|PROTOCOLO_PULLBACK|PUT_SOPORTE_CERCA_SIN_RUPTURA|IMPULSO_BAJISTA_FUERTE|TENDENCIA_BAJISTA|BAJISTA_NORMAL|MEDIO,1,0,1,0.0,0,MUESTRA_INSUFICIENTE,MSFT-OTC,put,CONTINUACION,PULLBACK_BALANCE_POSITIVO,PROTOCOLO_PULLBACK,PUT_SOPORTE_CERCA_SIN_RUPTURA,IMPULSO_BAJISTA_FUERTE,TENDENCIA_BAJISTA,BAJISTA_NORMAL,MEDIO
USDVND-OTC|PUT|REVERSION_BAJISTA|SWEEP_RUPTURA_CONFIRMABLE|PROTOCOLO_SWEEP|PUT_SOPORTE_CERCA_SIN_RUPTURA|SIN_CONTEXTO_CLARO|RANGO|BAJISTA_NORMAL|MUY_BAJO,1,0,1,0.0,0,MUESTRA_INSUFICIENTE,USDVND-OTC,put,REVERSION_BAJISTA,SWEEP_RUPTURA_CONFIRMABLE,PROTOCOLO_SWEEP,PUT_SOPORTE_CERCA_SIN_RUPTURA,SIN_CONTEXTO_CLARO,RANGO,BAJISTA_NORMAL,MUY_BAJO
IMXUSD-OTC|PUT|SWEEP_BAJISTA|SWEEP_RUPTURA_CONFIRMABLE|PROTOCOLO_SWEEP|PUT_SOPORTE_CERCA_SIN_RUPTURA|SIN_CONTEXTO_CLARO|RANGO|BAJISTA_NORMAL|MUY_BAJO,1,0,1,0.0,0,MUESTRA_INSUFICIENTE,IMXUSD-OTC,put,SWEEP_BAJISTA,SWEEP_RUPTURA_CONFIRMABLE,PROTOCOLO_SWEEP,PUT_SOPORTE_CERCA_SIN_RUPTURA,SIN_CONTEXTO_CLARO,RANGO,BAJISTA_NORMAL,MUY_BAJO
USDVND-OTC|CALL|SWEEP_ALCISTA|SWEEP_SIMPLE|PROTOCOLO_SWEEP|RECHAZO_COMPRADOR_SOPORTE|SIN_CONTEXTO_CLARO|TENDENCIA_BAJISTA|BAJISTA_NORMAL|MUY_BAJO,1,0,1,0.0,0,MUESTRA_INSUFICIENTE,USDVND-OTC,call,SWEEP_ALCISTA,SWEEP_SIMPLE,PROTOCOLO_SWEEP,RECHAZO_COMPRADOR_SOPORTE,SIN_CONTEXTO_CLARO,TENDENCIA_BAJISTA,BAJISTA_NORMAL,MUY_BAJO
FB-OTC|PUT|SWEEP_BAJISTA|SWEEP_SIMPLE|PROTOCOLO_SWEEP|RECHAZO_VENDEDOR_RESISTENCIA|SIN_CONTEXTO_CLARO|TENDENCIA_BAJISTA|BAJISTA_NORMAL|MEDIO,1,0,1,0.0,0,MUESTRA_INSUFICIENTE,FB-OTC,put,SWEEP_BAJISTA,SWEEP_SIMPLE,PROTOCOLO_SWEEP,RECHAZO_VENDEDOR_RESISTENCIA,SIN_CONTEXTO_CLARO,TENDENCIA_BAJISTA,BAJISTA_NORMAL,MEDIO
EURUSD-OTC|PUT|CHOCH_BAJISTA|CHOCH_CON_PA_A_FAVOR|PROTOCOLO_CHOCH|PUT_SOPORTE_CERCA_SIN_RUPTURA|IMPULSO_BAJISTA_FUERTE|RANGO|BAJISTA_DEBIL|MEDIO,1,0,1,0.0,0,MUESTRA_INSUFICIENTE,EURUSD-OTC,put,CHOCH_BAJISTA,CHOCH_CON_PA_A_FAVOR,PROTOCOLO_CHOCH,PUT_SOPORTE_CERCA_SIN_RUPTURA,IMPULSO_BAJISTA_FUERTE,RANGO,BAJISTA_DEBIL,MEDIO
EURUSD-OTC|PUT|REVERSION_BAJISTA|SWEEP_SIMPLE|PROTOCOLO_SWEEP|RECHAZO_VENDEDOR_RESISTENCIA|SIN_CONTEXTO_CLARO|TENDENCIA_ALCISTA|ALCISTA_NORMAL|MUY_BAJO,1,0,1,0.0,0,MUESTRA_INSUFICIENTE,EURUSD-OTC,put,REVERSION_BAJISTA,SWEEP_SIMPLE,PROTOCOLO_SWEEP,RECHAZO_VENDEDOR_RESISTENCIA,SIN_CONTEXTO_CLARO,TENDENCIA_ALCISTA,ALCISTA_NORMAL,MUY_BAJO
EURTHB-OTC|PUT|SWEEP_BAJISTA|SWEEP_RUPTURA_CONFIRMABLE|PROTOCOLO_SWEEP|PUT_SOPORTE_CERCA_SIN_RUPTURA|SIN_CONTEXTO_CLARO|TENDENCIA_BAJISTA|BAJISTA_DEBIL|MUY_BAJO,1,0,1,0.0,0,MUESTRA_INSUFICIENTE,EURTHB-OTC,put,SWEEP_BAJISTA,SWEEP_RUPTURA_CONFIRMABLE,PROTOCOLO_SWEEP,PUT_SOPORTE_CERCA_SIN_RUPTURA,SIN_CONTEXTO_CLARO,TENDENCIA_BAJISTA,BAJISTA_DEBIL,MUY_BAJO
EURTHB-OTC|PUT|CONTINUACION|PULLBACK_TENDENCIA_INSUFICIENTE|PROTOCOLO_PULLBACK|RECHAZO_VENDEDOR_RESISTENCIA|IMPULSO_BAJISTA_FUERTE|TENDENCIA_BAJISTA|BAJISTA_NORMAL|PREMIUM,1,0,1,0.0,0,MUESTRA_INSUFICIENTE,EURTHB-OTC,put,CONTINUACION,PULLBACK_TENDENCIA_INSUFICIENTE,PROTOCOLO_PULLBACK,RECHAZO_VENDEDOR_RESISTENCIA,IMPULSO_BAJISTA_FUERTE,TENDENCIA_BAJISTA,BAJISTA_NORMAL,PREMIUM
FB-OTC|PUT|CHOCH_BAJISTA|CHOCH_CON_PA_A_FAVOR|PROTOCOLO_CHOCH|PUT_SOPORTE_CERCA_SIN_RUPTURA|IMPULSO_BAJISTA_FUERTE|TENDENCIA_BAJISTA|BAJISTA_NORMAL|ALTO,1,0,1,0.0,0,MUESTRA_INSUFICIENTE,FB-OTC,put,CHOCH_BAJISTA,CHOCH_CON_PA_A_FAVOR,PROTOCOLO_CHOCH,PUT_SOPORTE_CERCA_SIN_RUPTURA,IMPULSO_BAJISTA_FUERTE,TENDENCIA_BAJISTA,BAJISTA_NORMAL,ALTO
FB-OTC|CALL|SWEEP_ALCISTA|SWEEP_SIMPLE|PROTOCOLO_SWEEP|RECHAZO_COMPRADOR_SOPORTE|SIN_CONTEXTO_CLARO|TENDENCIA_BAJISTA|BAJISTA_DEBIL|MUY_BAJO,1,0,1,0.0,0,MUESTRA_INSUFICIENTE,FB-OTC,call,SWEEP_ALCISTA,SWEEP_SIMPLE,PROTOCOLO_SWEEP,RECHAZO_COMPRADOR_SOPORTE,SIN_CONTEXTO_CLARO,TENDENCIA_BAJISTA,BAJISTA_DEBIL,MUY_BAJO
AIRLINES-OTC|PUT|SWEEP_BAJISTA|SWEEP_RUPTURA_CONFIRMABLE|PROTOCOLO_SWEEP|PUT_SOPORTE_CERCA_SIN_RUPTURA|SIN_CONTEXTO_CLARO|TENDENCIA_ALCISTA|ALCISTA_NORMAL|MUY_BAJO,1,0,1,0.0,0,MUESTRA_INSUFICIENTE,AIRLINES-OTC,put,SWEEP_BAJISTA,SWEEP_RUPTURA_CONFIRMABLE,PROTOCOLO_SWEEP,PUT_SOPORTE_CERCA_SIN_RUPTURA,SIN_CONTEXTO_CLARO,TENDENCIA_ALCISTA,ALCISTA_NORMAL,MUY_BAJO
EURTHB-OTC|PUT|SWEEP_BAJISTA|SWEEP_RUPTURA_CONFIRMABLE|PROTOCOLO_SWEEP|PUT_SOPORTE_CERCA_SIN_RUPTURA|SIN_CONTEXTO_CLARO|TENDENCIA_ALCISTA|ALCISTA_FUERTE|MUY_BAJO,1,0,1,0.0,0,MUESTRA_INSUFICIENTE,EURTHB-OTC,put,SWEEP_BAJISTA,SWEEP_RUPTURA_CONFIRMABLE,PROTOCOLO_SWEEP,PUT_SOPORTE_CERCA_SIN_RUPTURA,SIN_CONTEXTO_CLARO,TENDENCIA_ALCISTA,ALCISTA_FUERTE,MUY_BAJO
COCOA-OTC|PUT|REVERSION_BAJISTA|SWEEP_RUPTURA_CONFIRMABLE|PROTOCOLO_SWEEP|PUT_SOPORTE_CERCA_SIN_RUPTURA|SIN_CONTEXTO_CLARO|TENDENCIA_ALCISTA|ALCISTA_NORMAL|MUY_BAJO,1,0,1,0.0,0,MUESTRA_INSUFICIENTE,COCOA-OTC,put,REVERSION_BAJISTA,SWEEP_RUPTURA_CONFIRMABLE,PROTOCOLO_SWEEP,PUT_SOPORTE_CERCA_SIN_RUPTURA,SIN_CONTEXTO_CLARO,TENDENCIA_ALCISTA,ALCISTA_NORMAL,MUY_BAJO
CARDANO-OTC|PUT|SWEEP_BAJISTA|SWEEP_RUPTURA_CONFIRMABLE|PROTOCOLO_SWEEP|PUT_SOPORTE_CERCA_SIN_RUPTURA|SIN_CONTEXTO_CLARO|TENDENCIA_ALCISTA|ALCISTA_DEBIL|MUY_BAJO,1,0,1,0.0,0,MUESTRA_INSUFICIENTE,CARDANO-OTC,put,SWEEP_BAJISTA,SWEEP_RUPTURA_CONFIRMABLE,PROTOCOLO_SWEEP,PUT_SOPORTE_CERCA_SIN_RUPTURA,SIN_CONTEXTO_CLARO,TENDENCIA_ALCISTA,ALCISTA_DEBIL,MUY_BAJO
USDVND-OTC|CALL|SWEEP_ALCISTA|SWEEP_SIMPLE|PROTOCOLO_SWEEP|CALL_ZONA_NEUTRA|SIN_CONTEXTO_CLARO|TENDENCIA_BAJISTA|BAJISTA_FUERTE|MUY_BAJO,1,0,1,0.0,0,MUESTRA_INSUFICIENTE,USDVND-OTC,call,SWEEP_ALCISTA,SWEEP_SIMPLE,PROTOCOLO_SWEEP,CALL_ZONA_NEUTRA,SIN_CONTEXTO_CLARO,TENDENCIA_BAJISTA,BAJISTA_FUERTE,MUY_BAJO
EURUSD-OTC|CALL|REVERSION_ALCISTA|SWEEP_SIMPLE|PROTOCOLO_SWEEP|RECHAZO_COMPRADOR_SOPORTE|SIN_CONTEXTO_CLARO|TENDENCIA_BAJISTA|BAJISTA_FUERTE|MUY_BAJO,1,0,1,0.0,0,MUESTRA_INSUFICIENTE,EURUSD-OTC,call,REVERSION_ALCISTA,SWEEP_SIMPLE,PROTOCOLO_SWEEP,RECHAZO_COMPRADOR_SOPORTE,SIN_CONTEXTO_CLARO,TENDENCIA_BAJISTA,BAJISTA_FUERTE,MUY_BAJO
MSFT-OTC|CALL|CONTINUACION|ZONA_GENERICA|PROTOCOLO_REACCION_ZONA|RECHAZO_COMPRADOR_SOPORTE|IMPULSO_ALCISTA_FUERTE|RANGO|ALCISTA_DEBIL|ALTO,1,0,1,0.0,0,MUESTRA_INSUFICIENTE,MSFT-OTC,call,CONTINUACION,ZONA_GENERICA,PROTOCOLO_REACCION_ZONA,RECHAZO_COMPRADOR_SOPORTE,IMPULSO_ALCISTA_FUERTE,RANGO,ALCISTA_DEBIL,ALTO
EURTHB-OTC|PUT|CHOCH_BAJISTA|CHOCH_CON_PA_A_FAVOR|PROTOCOLO_CHOCH|PUT_SOPORTE_CERCA_SIN_RUPTURA|IMPULSO_BAJISTA_FUERTE|RANGO|BAJISTA_NORMAL|BUENO,1,0,1,0.0,0,MUESTRA_INSUFICIENTE,EURTHB-OTC,put,CHOCH_BAJISTA,CHOCH_CON_PA_A_FAVOR,PROTOCOLO_CHOCH,PUT_SOPORTE_CERCA_SIN_RUPTURA,IMPULSO_BAJISTA_FUERTE,RANGO,BAJISTA_NORMAL,BUENO
EURGBP-OTC|PUT|CONTINUACION|PULLBACK_TENDENCIA_INSUFICIENTE|PROTOCOLO_PULLBACK|PUT_ZONA_NEUTRA|SIN_CONTEXTO_CLARO|TENDENCIA_BAJISTA|BAJISTA_NORMAL|MEDIO,1,0,1,0.0,0,MUESTRA_INSUFICIENTE,EURGBP-OTC,put,CONTINUACION,PULLBACK_TENDENCIA_INSUFICIENTE,PROTOCOLO_PULLBACK,PUT_ZONA_NEUTRA,SIN_CONTEXTO_CLARO,TENDENCIA_BAJISTA,BAJISTA_NORMAL,MEDIO
SUIUSD-OTC|PUT|SWEEP_BAJISTA|SWEEP_SIMPLE|PROTOCOLO_SWEEP|RECHAZO_VENDEDOR_RESISTENCIA|SIN_CONTEXTO_CLARO|TENDENCIA_BAJISTA|BAJISTA_NORMAL|MEDIO,1,0,1,0.0,0,MUESTRA_INSUFICIENTE,SUIUSD-OTC,put,SWEEP_BAJISTA,SWEEP_SIMPLE,PROTOCOLO_SWEEP,RECHAZO_VENDEDOR_RESISTENCIA,SIN_CONTEXTO_CLARO,TENDENCIA_BAJISTA,BAJISTA_NORMAL,MEDIO
SUIUSD-OTC|PUT|CHOCH_BAJISTA|CHOCH_CON_PA_A_FAVOR|PROTOCOLO_CHOCH|PUT_SOPORTE_CERCA_SIN_RUPTURA|IMPULSO_BAJISTA_FUERTE|RANGO|BAJISTA_DEBIL|MEDIO,1,0,1,0.0,0,MUESTRA_INSUFICIENTE,SUIUSD-OTC,put,CHOCH_BAJISTA,CHOCH_CON_PA_A_FAVOR,PROTOCOLO_CHOCH,PUT_SOPORTE_CERCA_SIN_RUPTURA,IMPULSO_BAJISTA_FUERTE,RANGO,BAJISTA_DEBIL,MEDIO
FARTCOINUSD-OTC|PUT|INDEFINIDO|ZONA_RECHAZO_CONFIRMADO|PROTOCOLO_REACCION_ZONA|PUT_ZONA_NEUTRA|RECHAZO_VENDEDOR_CONFIRMADO|TENDENCIA_ALCISTA|ALCISTA_NORMAL|MEDIO,1,0,1,0.0,0,MUESTRA_INSUFICIENTE,FARTCOINUSD-OTC,put,INDEFINIDO,ZONA_RECHAZO_CONFIRMADO,PROTOCOLO_REACCION_ZONA,PUT_ZONA_NEUTRA,RECHAZO_VENDEDOR_CONFIRMADO,TENDENCIA_ALCISTA,ALCISTA_NORMAL,MEDIO
CARDANO-OTC|PUT|INDEFINIDO|ZONA_GENERICA|PROTOCOLO_REACCION_ZONA|PUT_ZONA_NEUTRA|IMPULSO_BAJISTA_FUERTE|TENDENCIA_BAJISTA|BAJISTA_NORMAL|PREMIUM,1,0,1,0.0,0,MUESTRA_INSUFICIENTE,CARDANO-OTC,put,INDEFINIDO,ZONA_GENERICA,PROTOCOLO_REACCION_ZONA,PUT_ZONA_NEUTRA,IMPULSO_BAJISTA_FUERTE,TENDENCIA_BAJISTA,BAJISTA_NORMAL,PREMIUM
CARDANO-OTC|PUT|SWEEP_BAJISTA|SWEEP_RUPTURA_CONFIRMABLE|PROTOCOLO_SWEEP|PUT_SOPORTE_CERCA_SIN_RUPTURA|SIN_CONTEXTO_CLARO|TENDENCIA_BAJISTA|BAJISTA_NORMAL|BAJO,1,0,1,0.0,0,MUESTRA_INSUFICIENTE,CARDANO-OTC,put,SWEEP_BAJISTA,SWEEP_RUPTURA_CONFIRMABLE,PROTOCOLO_SWEEP,PUT_SOPORTE_CERCA_SIN_RUPTURA,SIN_CONTEXTO_CLARO,TENDENCIA_BAJISTA,BAJISTA_NORMAL,BAJO
CARDANO-OTC|PUT|SWEEP_BAJISTA|SWEEP_RUPTURA_CONFIRMABLE|PROTOCOLO_SWEEP|PUT_SOPORTE_CERCA_SIN_RUPTURA|SIN_CONTEXTO_CLARO|TENDENCIA_ALCISTA|ALCISTA_NORMAL|MUY_BAJO,1,0,1,0.0,0,MUESTRA_INSUFICIENTE,CARDANO-OTC,put,SWEEP_BAJISTA,SWEEP_RUPTURA_CONFIRMABLE,PROTOCOLO_SWEEP,PUT_SOPORTE_CERCA_SIN_RUPTURA,SIN_CONTEXTO_CLARO,TENDENCIA_ALCISTA,ALCISTA_NORMAL,MUY_BAJO
CARDANO-OTC|CALL|SWEEP_ALCISTA|SWEEP_SIMPLE|PROTOCOLO_SWEEP|RECHAZO_COMPRADOR_SOPORTE|SIN_CONTEXTO_CLARO|RANGO|ALCISTA_DEBIL|MEDIO,1,0,1,0.0,0,MUESTRA_INSUFICIENTE,CARDANO-OTC,call,SWEEP_ALCISTA,SWEEP_SIMPLE,PROTOCOLO_SWEEP,RECHAZO_COMPRADOR_SOPORTE,SIN_CONTEXTO_CLARO,RANGO,ALCISTA_DEBIL,MEDIO
CADJPY-OTC|CALL|CHOCH_ALCISTA|CHOCH_CON_PA_A_FAVOR|PROTOCOLO_RUPTURA_RESISTENCIA|CALL_RESISTENCIA_CERCA_SIN_RUPTURA|IMPULSO_ALCISTA_FUERTE|TENDENCIA_ALCISTA|ALCISTA_NORMAL|BUENO,1,0,1,0.0,0,MUESTRA_INSUFICIENTE,CADJPY-OTC,call,CHOCH_ALCISTA,CHOCH_CON_PA_A_FAVOR,PROTOCOLO_RUPTURA_RESISTENCIA,CALL_RESISTENCIA_CERCA_SIN_RUPTURA,IMPULSO_ALCISTA_FUERTE,TENDENCIA_ALCISTA,ALCISTA_NORMAL,BUENO
EURUSD-OTC|CALL|SWEEP_ALCISTA|SWEEP_SIMPLE|PROTOCOLO_SWEEP|RECHAZO_COMPRADOR_SOPORTE|SIN_CONTEXTO_CLARO|TENDENCIA_BAJISTA|BAJISTA_FUERTE|BAJO,1,0,1,0.0,0,MUESTRA_INSUFICIENTE,EURUSD-OTC,call,SWEEP_ALCISTA,SWEEP_SIMPLE,PROTOCOLO_SWEEP,RECHAZO_COMPRADOR_SOPORTE,SIN_CONTEXTO_CLARO,TENDENCIA_BAJISTA,BAJISTA_FUERTE,BAJO
IMXUSD-OTC|PUT|SWEEP_BAJISTA|SWEEP_RUPTURA_CONFIRMABLE|PROTOCOLO_SWEEP|PUT_SOPORTE_CERCA_SIN_RUPTURA|SIN_CONTEXTO_CLARO|TENDENCIA_ALCISTA|ALCISTA_DEBIL|MUY_BAJO,1,0,1,0.0,0,MUESTRA_INSUFICIENTE,IMXUSD-OTC,put,SWEEP_BAJISTA,SWEEP_RUPTURA_CONFIRMABLE,PROTOCOLO_SWEEP,PUT_SOPORTE_CERCA_SIN_RUPTURA,SIN_CONTEXTO_CLARO,TENDENCIA_ALCISTA,ALCISTA_DEBIL,MUY_BAJO
AIRLINES-OTC|PUT|CONTINUACION|ZONA_GENERICA|PROTOCOLO_REACCION_ZONA|RECHAZO_VENDEDOR_RESISTENCIA|IMPULSO_BAJISTA_FUERTE|TENDENCIA_BAJISTA|BAJISTA_FUERTE|ALTO,1,0,1,0.0,0,MUESTRA_INSUFICIENTE,AIRLINES-OTC,put,CONTINUACION,ZONA_GENERICA,PROTOCOLO_REACCION_ZONA,RECHAZO_VENDEDOR_RESISTENCIA,IMPULSO_BAJISTA_FUERTE,TENDENCIA_BAJISTA,BAJISTA_FUERTE,ALTO
ONDOUSD-OTC|PUT|SWEEP_BAJISTA|SWEEP_RUPTURA_CONFIRMABLE|PROTOCOLO_SWEEP|PUT_SOPORTE_CERCA_SIN_RUPTURA|SIN_CONTEXTO_CLARO|TENDENCIA_BAJISTA|BAJISTA_NORMAL|MUY_BAJO,1,0,1,0.0,0,MUESTRA_INSUFICIENTE,ONDOUSD-OTC,put,SWEEP_BAJISTA,SWEEP_RUPTURA_CONFIRMABLE,PROTOCOLO_SWEEP,PUT_SOPORTE_CERCA_SIN_RUPTURA,SIN_CONTEXTO_CLARO,TENDENCIA_BAJISTA,BAJISTA_NORMAL,MUY_BAJO
EU50-OTC|PUT|CHOCH_BAJISTA|CHOCH_CON_PA_A_FAVOR|PROTOCOLO_CHOCH|PUT_SOPORTE_CERCA_SIN_RUPTURA|IMPULSO_BAJISTA_FUERTE|TENDENCIA_BAJISTA|BAJISTA_FUERTE|BUENO,1,0,1,0.0,0,MUESTRA_INSUFICIENTE,EU50-OTC,put,CHOCH_BAJISTA,CHOCH_CON_PA_A_FAVOR,PROTOCOLO_CHOCH,PUT_SOPORTE_CERCA_SIN_RUPTURA,IMPULSO_BAJISTA_FUERTE,TENDENCIA_BAJISTA,BAJISTA_FUERTE,BUENO
EURUSD-OTC|PUT|SWEEP_BAJISTA|SWEEP_RUPTURA_CONFIRMABLE|PROTOCOLO_SWEEP|PUT_SOPORTE_CERCA_SIN_RUPTURA|SIN_CONTEXTO_CLARO|TENDENCIA_ALCISTA|ALCISTA_NORMAL|MUY_BAJO,1,0,1,0.0,0,MUESTRA_INSUFICIENTE,EURUSD-OTC,put,SWEEP_BAJISTA,SWEEP_RUPTURA_CONFIRMABLE,PROTOCOLO_SWEEP,PUT_SOPORTE_CERCA_SIN_RUPTURA,SIN_CONTEXTO_CLARO,TENDENCIA_ALCISTA,ALCISTA_NORMAL,MUY_BAJO
SATSUSD-OTC|PUT|REVERSION_BAJISTA|SWEEP_RUPTURA_CONFIRMABLE|PROTOCOLO_SWEEP|PUT_SOPORTE_CERCA_SIN_RUPTURA|SIN_CONTEXTO_CLARO|TENDENCIA_ALCISTA|ALCISTA_FUERTE|MUY_BAJO,1,0,1,0.0,0,MUESTRA_INSUFICIENTE,SATSUSD-OTC,put,REVERSION_BAJISTA,SWEEP_RUPTURA_CONFIRMABLE,PROTOCOLO_SWEEP,PUT_SOPORTE_CERCA_SIN_RUPTURA,SIN_CONTEXTO_CLARO,TENDENCIA_ALCISTA,ALCISTA_FUERTE,MUY_BAJO
FB-OTC|PUT|CHOCH_BAJISTA|CHOCH_CON_PA_A_FAVOR|PROTOCOLO_CHOCH|PUT_SOPORTE_CERCA_SIN_RUPTURA|IMPULSO_BAJISTA_FUERTE|TENDENCIA_BAJISTA|BAJISTA_NORMAL|MEDIO,1,0,1,0.0,0,MUESTRA_INSUFICIENTE,FB-OTC,put,CHOCH_BAJISTA,CHOCH_CON_PA_A_FAVOR,PROTOCOLO_CHOCH,PUT_SOPORTE_CERCA_SIN_RUPTURA,IMPULSO_BAJISTA_FUERTE,TENDENCIA_BAJISTA,BAJISTA_NORMAL,MEDIO
FB-OTC|PUT|CHOCH_BAJISTA|CHOCH_CON_PA_A_FAVOR|PROTOCOLO_CHOCH|PUT_SOPORTE_CERCA_SIN_RUPTURA|IMPULSO_BAJISTA_FUERTE|TENDENCIA_BAJISTA|BAJISTA_NORMAL|BUENO,1,0,1,0.0,0,MUESTRA_INSUFICIENTE,FB-OTC,put,CHOCH_BAJISTA,CHOCH_CON_PA_A_FAVOR,PROTOCOLO_CHOCH,PUT_SOPORTE_CERCA_SIN_RUPTURA,IMPULSO_BAJISTA_FUERTE,TENDENCIA_BAJISTA,BAJISTA_NORMAL,BUENO
FB-OTC|PUT|SWEEP_BAJISTA|SWEEP_RUPTURA_CONFIRMABLE|PROTOCOLO_SWEEP|PUT_SOPORTE_CERCA_SIN_RUPTURA|SIN_CONTEXTO_CLARO|RANGO|ALCISTA_DEBIL|MUY_BAJO,1,0,1,0.0,0,MUESTRA_INSUFICIENTE,FB-OTC,put,SWEEP_BAJISTA,SWEEP_RUPTURA_CONFIRMABLE,PROTOCOLO_SWEEP,PUT_SOPORTE_CERCA_SIN_RUPTURA,SIN_CONTEXTO_CLARO,RANGO,ALCISTA_DEBIL,MUY_BAJO
IMXUSD-OTC|CALL|CHOCH_ALCISTA|CHOCH_CON_PA_A_FAVOR|PROTOCOLO_RUPTURA_RESISTENCIA|CALL_RESISTENCIA_CERCA_SIN_RUPTURA|IMPULSO_ALCISTA_FUERTE|TENDENCIA_ALCISTA|ALCISTA_NORMAL|BUENO,1,0,1,0.0,0,MUESTRA_INSUFICIENTE,IMXUSD-OTC,call,CHOCH_ALCISTA,CHOCH_CON_PA_A_FAVOR,PROTOCOLO_RUPTURA_RESISTENCIA,CALL_RESISTENCIA_CERCA_SIN_RUPTURA,IMPULSO_ALCISTA_FUERTE,TENDENCIA_ALCISTA,ALCISTA_NORMAL,BUENO
