fecha,estado,order_id,activo,tipo,direccion,puntaje,patron,rsi,resultado,razon
2026-06-08 13:11:05,CERRADA,13971120448,SATSUSD-OTC,binary,call,21,CHOCH alcista,60.93,17.2,"ESTRATEGIA: CHOCH alcista, CHOCH alcista: rompe estructura superior, EMA favorece compra, RSI: 60.93, envolvente alcista, CHOCH apoyado en soporte, calidad A+, sin historial suficiente, ubicación válida, MERCADO: TENDENCIA_ALCISTA - precio con avance alcista predominante, CALIDAD MERCADO: NORMAL score 58, TENDENCIA AVANZADA: ALCISTA_NORMAL fuerza 56.78, VALIDACIÓN MERCADO: CHOCH permitido a favor de tendencia, ZONA SR: CALL permitido con cautela: resistencia cerca, ACCION PRECIO: acción precio: CALL con resistencia cerca sin ruptura confirmada, RUPTURA: sin ruptura confirmada de resistencia"
2026-06-08 13:17:25,CERRADA,13971138469,FR40-OTC,turbo,call,15,rechazo comprador en soporte,35.24,-20.0,"ESTRATEGIA: rechazo comprador en soporte, rechazo comprador fuerte, zona soporte activa, RSI válido para compra: 35.24, CALL válido por reacción en soporte, triple rechazo en soporte, martillo alcista, calidad A, memoria permite operación, ubicación válida, MERCADO: TENDENCIA_BAJISTA - precio con avance bajista predominante, CALIDAD MERCADO: NORMAL score 55, TENDENCIA AVANZADA: BAJISTA_NORMAL fuerza 60.21, VALIDACIÓN MERCADO: CALL contra tendencia permitido por agotamiento bajista, ZONA SR: CALL permitido con cautela: resistencia cerca, ACCION PRECIO: acción precio: CALL con resistencia cerca sin ruptura confirmada, RUPTURA: sin ruptura confirmada de resistencia"
2026-06-08 13:19:05,CERRADA,13971142465,NVDA-OTC,turbo,put,21,liquidity sweep bajista,64.55,17.2,"ESTRATEGIA: liquidity sweep bajista, liquidity sweep bajista: barrida de máximos, barrida de máximos con rechazo, RSI: 64.55, envolvente bajista, calidad A+, memoria permite operación, ubicación válida, MERCADO: RANGO - mercado mixto tratado como rango preventivo, CALIDAD MERCADO: NORMAL score 66, TENDENCIA AVANZADA: BAJISTA_NORMAL fuerza 53.77, VALIDACIÓN MERCADO: sweep permitido con confirmación suficiente, ZONA SR: PUT permitido con cautela: soporte cerca, ACCION PRECIO: acción precio: PUT con soporte cerca sin ruptura confirmada, RUPTURA: sin ruptura confirmada de soporte"
2026-06-08 13:24:07,CERRADA,13971153416,DYDXUSD-OTC,turbo,call,21,pullback alcista a EMA,61.51,-20.0,"ESTRATEGIA: pullback alcista a EMA/zona, EMA favorece compra, pullback válido para compra, RSI: 61.51, tendencia alcista, estructura alcista, morning star alcista, calidad A+, memoria permite operación, ubicación válida, MERCADO: TENDENCIA_ALCISTA - precio con avance alcista predominante, CALIDAD MERCADO: NORMAL score 63, TENDENCIA AVANZADA: ALCISTA_NORMAL fuerza 60.02, VALIDACIÓN MERCADO: pullback permitido a favor de tendencia, ZONA SR: CALL permitido con cautela: resistencia cerca, ACCION PRECIO: acción precio: CALL con resistencia cerca sin ruptura confirmada, RUPTURA: sin ruptura confirmada de resistencia"
2026-06-08 13:25:06,CERRADA,13971155886,CANNABIS-OTC,turbo,call,18,CHOCH alcista,58.6,17.2,"ESTRATEGIA: CHOCH alcista, CHOCH alcista: rompe estructura superior, EMA favorece compra, RSI: 58.6, CHOCH apoyado en soporte, calidad A+, memoria permite operación, ubicación válida, MERCADO: TENDENCIA_ALCISTA - precio con avance alcista predominante, CALIDAD MERCADO: NORMAL score 59, TENDENCIA AVANZADA: ALCISTA_NORMAL fuerza 54.91, VALIDACIÓN MERCADO: CHOCH permitido a favor de tendencia, ZONA SR: CALL permitido con cautela: resistencia cerca, ACCION PRECIO: acción precio: CALL con resistencia cerca sin ruptura confirmada, RUPTURA: sin ruptura confirmada de resistencia"
2026-06-08 13:34:08,CERRADA,13971181136,SNDK-OTC,turbo,call,21,CHOCH alcista,61.84,17.2,"ESTRATEGIA: CHOCH alcista, CHOCH alcista: rompe estructura superior, EMA favorece compra, RSI: 61.84, rechazo comprador fuerte, pin bar alcista, calidad A+, memoria permite operación, ubicación válida, MERCADO: RANGO - mercado mixto tratado como rango preventivo, CALIDAD MERCADO: NORMAL score 58, TENDENCIA AVANZADA: ALCISTA_DEBIL fuerza 46.33, VALIDACIÓN MERCADO: CHOCH permitido en mercado delicado con confirmación, ZONA SR: CALL permitido con cautela: resistencia cerca, ACCION PRECIO: acción precio: CALL con resistencia cerca sin ruptura confirmada, RUPTURA: sin ruptura confirmada de resistencia"
2026-06-08 13:46:13,CERRADA,13971212337,CANNABIS-OTC,turbo,put,22,pullback bajista a EMA,61.16,17.2,"ESTRATEGIA: pullback bajista a EMA/zona, EMA favorece venta, pullback bajista confirmado, RSI: 61.16, tendencia bajista, estructura bajista, pin bar bajista, rechazo vendedor fuerte, calidad A+, memoria permite operación, ubicación válida, MERCADO: RANGO - precio lateral o sin avance direccional fuerte, CALIDAD MERCADO: NORMAL score 56, TENDENCIA AVANZADA: BAJISTA_DEBIL fuerza 48.55, VALIDACIÓN MERCADO: pullback permitido a favor de tendencia, ZONA SR: PUT permitido con cautela: soporte cerca, ACCION PRECIO: acción precio: PUT con soporte cerca sin ruptura confirmada, RUPTURA: sin ruptura confirmada de soporte"
2026-06-08 13:47:10,CERRADA,13971214391,INTEL-OTC,turbo,call,18,CHOCH alcista,59.58,17.2,"ESTRATEGIA: CHOCH alcista, CHOCH alcista: rompe estructura superior, EMA favorece compra, RSI: 59.58, CHOCH apoyado en soporte, calidad A+, memoria permite operación, ubicación válida, MERCADO: TENDENCIA_ALCISTA - precio con avance alcista predominante, CALIDAD MERCADO: NORMAL score 70, TENDENCIA AVANZADA: ALCISTA_FUERTE fuerza 74.36, VALIDACIÓN MERCADO: CHOCH permitido a favor de tendencia, ZONA SR: CALL permitido con cautela: resistencia cerca, ACCION PRECIO: acción precio: CALL con resistencia cerca sin ruptura confirmada, RUPTURA: sin ruptura confirmada de resistencia"
2026-06-08 13:48:09,CERRADA,13971216493,SP35-OTC,turbo,call,21,liquidity sweep alcista,52.32,17.2,"ESTRATEGIA: liquidity sweep alcista, liquidity sweep alcista: barrida de mínimos, barrida de mínimos con recuperación confirmada, RSI: 52.32, envolvente alcista, calidad A+, memoria permite operación, ubicación válida, MERCADO: TENDENCIA_ALCISTA - precio con avance alcista predominante, CALIDAD MERCADO: LIMPIO score 76, TENDENCIA AVANZADA: ALCISTA_NORMAL fuerza 68.07, VALIDACIÓN MERCADO: sweep permitido a favor de tendencia, ZONA SR: CALL permitido con cautela: resistencia cerca, ACCION PRECIO: acción precio: CALL con resistencia cerca sin ruptura confirmada, RUPTURA: sin ruptura confirmada de resistencia"
2026-06-08 13:58:08,CERRADA,13971240735,USDTRY-OTC,turbo,call,18,CHOCH alcista,54.97,17.2,"ESTRATEGIA: CHOCH alcista, CHOCH alcista: rompe estructura superior, EMA favorece compra, RSI: 54.97, CHOCH apoyado en soporte, calidad A+, memoria permite operación, ubicación válida, MERCADO: TENDENCIA_ALCISTA - precio con avance alcista predominante, CALIDAD MERCADO: NORMAL score 60, TENDENCIA AVANZADA: ALCISTA_FUERTE fuerza 72.38, VALIDACIÓN MERCADO: CHOCH permitido a favor de tendencia, ZONA SR: CALL permitido con cautela: resistencia cerca, ACCION PRECIO: acción precio: CALL con resistencia cerca sin ruptura confirmada, RUPTURA: sin ruptura confirmada de resistencia"
2026-06-08 14:00:27,CERRADA,13971246564,XNGUSD-OTC,turbo,put,14,continuación bajista con tendencia,43.06,17.2,"ESTRATEGIA: continuación bajista con tendencia, tendencia bajista, estructura bajista, EMA favorece venta, micro tendencia bajista, RSI: 43.06, envolvente bajista, calidad A, memoria permite operación, ubicación válida, MERCADO: TENDENCIA_BAJISTA - precio con avance bajista predominante, CALIDAD MERCADO: NORMAL score 65, TENDENCIA AVANZADA: BAJISTA_NORMAL fuerza 55.27, VALIDACIÓN MERCADO: PUT permitido a favor de tendencia bajista, ZONA SR: PUT permitido con cautela: soporte cerca, ACCION PRECIO: acción precio: PUT con soporte cerca sin ruptura confirmada, RUPTURA: sin ruptura confirmada de soporte"
2026-06-08 14:05:08,CERRADA,13971258466,USDAED-OTC,turbo,put,23,liquidity sweep bajista,59.92,17.2,"ESTRATEGIA: liquidity sweep bajista, liquidity sweep bajista: barrida de máximos, barrida de máximos con rechazo, RSI: 59.92, rechazo en zona de resistencia, evening star bajista, calidad A+, memoria permite operación, ubicación válida, MERCADO: TENDENCIA_ALCISTA - precio con avance alcista predominante, CALIDAD MERCADO: NORMAL score 67, TENDENCIA AVANZADA: ALCISTA_FUERTE fuerza 79.28, VALIDACIÓN MERCADO: sweep permitido por rechazo/liquidez, ZONA SR: PUT permitido con cautela: soporte cerca, ACCION PRECIO: acción precio: PUT con soporte cerca sin ruptura confirmada, RUPTURA: sin ruptura confirmada de soporte"
2026-06-08 14:09:12,CERRADA,13971268203,USDNGN-OTC,binary,put,22,liquidity sweep bajista,65.31,-20.0,"ESTRATEGIA: liquidity sweep bajista, liquidity sweep bajista: barrida de máximos, barrida de máximos con rechazo, RSI: 65.31, rechazo vendedor fuerte, pin bar bajista, calidad A+, memoria permite operación, ubicación válida, MERCADO: TENDENCIA_ALCISTA - precio con avance alcista predominante, CALIDAD MERCADO: NORMAL score 58, TENDENCIA AVANZADA: ALCISTA_NORMAL fuerza 63.66, VALIDACIÓN MERCADO: sweep permitido por rechazo/liquidez, ZONA SR: PUT permitido con cautela: soporte cerca, ACCION PRECIO: acción precio: PUT con soporte cerca sin ruptura confirmada, RUPTURA: sin ruptura confirmada de soporte"
2026-06-08 14:12:12,CERRADA,13971276917,PLTR-OTC,turbo,call,22,CHOCH alcista,55.58,-20.0,"ESTRATEGIA: CHOCH alcista, CHOCH alcista: rompe estructura superior, EMA favorece compra, RSI: 55.58, rechazo comprador fuerte, martillo alcista, CHOCH apoyado en soporte, calidad A+, memoria permite operación, ubicación válida, MERCADO: TENDENCIA_ALCISTA - precio con avance alcista predominante, CALIDAD MERCADO: NORMAL score 62, TENDENCIA AVANZADA: ALCISTA_NORMAL fuerza 59.26, VALIDACIÓN MERCADO: CHOCH permitido a favor de tendencia, ZONA SR: CALL permitido con cautela: resistencia cerca, ACCION PRECIO: acción precio: CALL con resistencia cerca sin ruptura confirmada, RUPTURA: sin ruptura confirmada de resistencia"
2026-06-08 14:13:14,CERRADA,13971279548,MELANIAUSD-OTC,turbo,call,24,liquidity sweep alcista,40.88,17.2,"ESTRATEGIA: liquidity sweep alcista, liquidity sweep alcista: barrida de mínimos, barrida de mínimos con recuperación confirmada, RSI: 40.88, recuperación en zona de soporte, rechazo comprador fuerte, pin bar alcista, calidad A+, memoria permite operación, ubicación válida, MERCADO: TENDENCIA_BAJISTA - precio con avance bajista predominante, CALIDAD MERCADO: NORMAL score 68, TENDENCIA AVANZADA: BAJISTA_NORMAL fuerza 67.11, VALIDACIÓN MERCADO: sweep permitido por rechazo/liquidez, ZONA SR: CALL permitido con cautela: resistencia cerca, ACCION PRECIO: acción precio: CALL con resistencia cerca sin ruptura confirmada, RUPTURA: sin ruptura confirmada de resistencia"
2026-06-08 14:13:31,CERRADA,13971280282,GBPUSD-OTC,turbo,put,20,CHOCH bajista,45.9,-20.0,"ESTRATEGIA: CHOCH bajista, CHOCH bajista: rompe estructura inferior, EMA favorece venta, RSI: 45.9, envolvente bajista, calidad A+, memoria permite operación, ubicación válida, MERCADO: TENDENCIA_BAJISTA - precio con avance bajista predominante, CALIDAD MERCADO: NORMAL score 62, TENDENCIA AVANZADA: BAJISTA_FUERTE fuerza 74.23, VALIDACIÓN MERCADO: CHOCH permitido a favor de tendencia, ZONA SR: PUT permitido con cautela: soporte cerca, ACCION PRECIO: acción precio: PUT con soporte cerca sin ruptura confirmada, RUPTURA: sin ruptura confirmada de soporte"
2026-06-08 14:20:08,CERRADA,13971296283,XPDUSD-OTC,turbo,put,20,CHOCH bajista,45.42,17.2,"ESTRATEGIA: CHOCH bajista, CHOCH bajista: rompe estructura inferior, EMA favorece venta, RSI: 45.42, envolvente bajista, calidad A+, memoria permite operación, ubicación válida, MERCADO: TENDENCIA_BAJISTA - precio con avance bajista predominante, CALIDAD MERCADO: NORMAL score 55, TENDENCIA AVANZADA: BAJISTA_NORMAL fuerza 61.0, VALIDACIÓN MERCADO: CHOCH permitido a favor de tendencia, ZONA SR: PUT permitido con cautela: soporte cerca, ACCION PRECIO: acción precio: PUT con soporte cerca sin ruptura confirmada, RUPTURA: sin ruptura confirmada de soporte"
2026-06-08 14:21:16,CERRADA,13971299240,PYTHUSD-OTC,turbo,call,24,liquidity sweep alcista,46.46,17.2,"ESTRATEGIA: liquidity sweep alcista, liquidity sweep alcista: barrida de mínimos, barrida de mínimos con recuperación confirmada, RSI: 46.46, recuperación en zona de soporte, rechazo comprador fuerte, pin bar alcista, calidad A+, memoria permite operación, ubicación válida, MERCADO: RANGO - precio lateral o sin avance direccional fuerte, CALIDAD MERCADO: NORMAL score 55, TENDENCIA AVANZADA: BAJISTA_DEBIL fuerza 37.67, VALIDACIÓN MERCADO: sweep permitido con confirmación suficiente, ZONA SR: CALL permitido con cautela: resistencia cerca, ACCION PRECIO: acción precio: CALL con resistencia cerca sin ruptura confirmada, RUPTURA: sin ruptura confirmada de resistencia"
2026-06-08 14:22:10,CERRADA,13971301643,USDINR-OTC,turbo,put,22,pullback bajista a EMA,54.66,17.2,"ESTRATEGIA: pullback bajista a EMA/zona, EMA favorece venta, pullback bajista confirmado, RSI: 54.66, tendencia bajista, estructura bajista, pin bar bajista, rechazo vendedor fuerte, calidad A+, memoria permite operación, ubicación válida, MERCADO: RANGO - mercado mixto tratado como rango preventivo, CALIDAD MERCADO: NORMAL score 57, TENDENCIA AVANZADA: BAJISTA_NORMAL fuerza 56.26, VALIDACIÓN MERCADO: pullback permitido a favor de tendencia, ZONA SR: PUT permitido con cautela: soporte cerca, ACCION PRECIO: acción precio: PUT con soporte cerca sin ruptura confirmada, RUPTURA: sin ruptura confirmada de soporte"
2026-06-08 14:26:25,CERRADA,13971312362,AIRLINES-OTC,turbo,put,22,liquidity sweep bajista,60.67,-20.0,"ESTRATEGIA: liquidity sweep bajista, liquidity sweep bajista: barrida de máximos, barrida de máximos con rechazo, RSI: 60.67, rechazo vendedor fuerte, pin bar bajista, calidad A+, memoria permite operación, ubicación válida, MERCADO: TENDENCIA_ALCISTA - precio con avance alcista predominante, CALIDAD MERCADO: NORMAL score 64, TENDENCIA AVANZADA: ALCISTA_NORMAL fuerza 54.56, VALIDACIÓN MERCADO: sweep permitido por rechazo/liquidez, ZONA SR: PUT permitido con cautela: soporte cerca, ACCION PRECIO: acción precio: PUT con soporte cerca sin ruptura confirmada, RUPTURA: sin ruptura confirmada de soporte"
2026-06-08 15:34:10,CERRADA,13971469161,BCHUSD-OTC,turbo,call,22,pullback alcista a EMA,54.67,-20.0,"ESTRATEGIA: pullback alcista a EMA/zona, EMA favorece compra, pullback válido para compra, RSI: 54.67, tendencia alcista, estructura alcista, martillo alcista, rechazo comprador fuerte, calidad A+, memoria permite operación, ubicación válida, MERCADO: TENDENCIA_ALCISTA - precio con avance alcista predominante, CALIDAD MERCADO: NORMAL score 73, TENDENCIA AVANZADA: ALCISTA_NORMAL fuerza 68.14, VALIDACIÓN MERCADO: pullback permitido a favor de tendencia, ZONA SR: CALL permitido con cautela: resistencia cerca, ACCION PRECIO: acción precio: CALL con resistencia cerca sin ruptura confirmada, RUPTURA: sin ruptura confirmada de resistencia"
2026-06-08 15:36:35,CERRADA,13971475202,TRON-OTC,turbo,call,22,liquidity sweep alcista,39.2,17.2,"ESTRATEGIA: liquidity sweep alcista, liquidity sweep alcista: barrida de mínimos, barrida de mínimos con recuperación confirmada, RSI: 39.2, rechazo comprador fuerte, pin bar alcista, calidad A+, memoria permite operación, ubicación válida, MERCADO: TENDENCIA_BAJISTA - precio con avance bajista predominante, CALIDAD MERCADO: NORMAL score 62, TENDENCIA AVANZADA: BAJISTA_NORMAL fuerza 59.53, VALIDACIÓN MERCADO: sweep permitido por rechazo/liquidez, ZONA SR: CALL permitido con cautela: resistencia cerca, ACCION PRECIO: acción precio: CALL con resistencia cerca sin ruptura confirmada, RUPTURA: sin ruptura confirmada de resistencia"
2026-06-08 15:40:25,CERRADA,13971484670,USDSEK-OTC,turbo,call,22,liquidity sweep alcista,38.91,17.2,"ESTRATEGIA: liquidity sweep alcista, liquidity sweep alcista: barrida de mínimos, barrida de mínimos con recuperación confirmada, RSI: 38.91, recuperación en zona de soporte, rechazo comprador fuerte, calidad A+, memoria permite operación, ubicación válida, MERCADO: TENDENCIA_BAJISTA - precio con avance bajista predominante, CALIDAD MERCADO: NORMAL score 55, TENDENCIA AVANZADA: BAJISTA_NORMAL fuerza 66.3, VALIDACIÓN MERCADO: sweep permitido por rechazo/liquidez, ZONA SR: CALL permitido con cautela: resistencia cerca, ACCION PRECIO: acción precio: CALL con resistencia cerca sin ruptura confirmada, RUPTURA: sin ruptura confirmada de resistencia"
2026-06-08 15:44:30,CERRADA,13971495052,LABUBUUSD-OTC,binary,put,23,liquidity sweep bajista,56.17,-20.0,"ESTRATEGIA: liquidity sweep bajista, liquidity sweep bajista: barrida de máximos, barrida de máximos con rechazo, RSI: 56.17, rechazo en zona de resistencia, evening star bajista, calidad A+, memoria permite operación, ubicación válida, MERCADO: TENDENCIA_ALCISTA - precio con avance alcista predominante, CALIDAD MERCADO: NORMAL score 57, TENDENCIA AVANZADA: ALCISTA_NORMAL fuerza 53.69, VALIDACIÓN MERCADO: sweep permitido por rechazo/liquidez, ZONA SR: PUT permitido con cautela: soporte cerca, ACCION PRECIO: acción precio: PUT con soporte cerca sin ruptura confirmada, RUPTURA: sin ruptura confirmada de soporte"
2026-06-08 16:15:23,CERRADA,13971569746,USDNOK-OTC,binary,call,18,CHOCH alcista,54.63,17.2,"ESTRATEGIA: CHOCH alcista, CHOCH alcista: rompe estructura superior, EMA favorece compra, RSI: 54.63, CHOCH apoyado en soporte, calidad A+, memoria permite operación, ubicación válida, MERCADO: TENDENCIA_ALCISTA - precio con avance alcista predominante, CALIDAD MERCADO: NORMAL score 58, TENDENCIA AVANZADA: ALCISTA_NORMAL fuerza 50.11, VALIDACIÓN MERCADO: CHOCH permitido a favor de tendencia, ZONA SR: CALL permitido con cautela: resistencia cerca, ACCION PRECIO: acción precio: CALL con resistencia cerca sin ruptura confirmada, RUPTURA: sin ruptura confirmada de resistencia"
2026-06-08 16:17:06,CERRADA,13971573471,USDMXN-OTC,turbo,call,22,liquidity sweep alcista,31.99,17.2,"ESTRATEGIA: liquidity sweep alcista, liquidity sweep alcista: barrida de mínimos, barrida de mínimos con recuperación confirmada, RSI: 31.99, rechazo comprador fuerte, pin bar alcista, calidad A+, memoria permite operación, ubicación válida, MERCADO: TENDENCIA_BAJISTA - precio con avance bajista predominante, CALIDAD MERCADO: NORMAL score 55, TENDENCIA AVANZADA: BAJISTA_NORMAL fuerza 68.97, VALIDACIÓN MERCADO: sweep permitido por rechazo/liquidez, ZONA SR: CALL permitido con cautela: resistencia cerca, ACCION PRECIO: acción precio: CALL con resistencia cerca sin ruptura confirmada, RUPTURA: sin ruptura confirmada de resistencia"
2026-06-08 16:22:20,CERRADA,13971585141,COCOA-OTC,turbo,call,24,liquidity sweep alcista,36.44,17.2,"ESTRATEGIA: liquidity sweep alcista, liquidity sweep alcista: barrida de mínimos, barrida de mínimos con recuperación confirmada, RSI: 36.44, recuperación en zona de soporte, rechazo comprador fuerte, pin bar alcista, calidad A+, memoria permite operación, ubicación válida, MERCADO: TENDENCIA_BAJISTA - precio con avance bajista predominante, CALIDAD MERCADO: NORMAL score 62, TENDENCIA AVANZADA: BAJISTA_NORMAL fuerza 59.04, VALIDACIÓN MERCADO: sweep permitido por rechazo/liquidez, ZONA SR: CALL permitido: zona sin conflicto fuerte, ACCION PRECIO: acción precio: rechazo comprador en soporte, RUPTURA: sin ruptura confirmada de resistencia"
2026-06-08 16:23:16,CERRADA,13971587154,GRTUSD-OTC,binary,call,21,CHOCH alcista,58.02,-20.0,"ESTRATEGIA: CHOCH alcista, CHOCH alcista: rompe estructura superior, EMA favorece compra, RSI: 58.02, rechazo comprador fuerte, pin bar alcista, calidad A+, memoria permite operación, ubicación válida, MERCADO: TENDENCIA_ALCISTA - precio con avance alcista predominante, CALIDAD MERCADO: NORMAL score 63, TENDENCIA AVANZADA: ALCISTA_NORMAL fuerza 68.99, VALIDACIÓN MERCADO: CHOCH permitido a favor de tendencia, ZONA SR: CALL permitido con cautela: resistencia cerca, ACCION PRECIO: acción precio: CALL con resistencia cerca sin ruptura confirmada, RUPTURA: sin ruptura confirmada de resistencia"
2026-06-08 16:30:10,CERRADA,13971603134,USDSGD-OTC,turbo,put,23,liquidity sweep bajista,55.67,17.2,"ESTRATEGIA: liquidity sweep bajista, liquidity sweep bajista: barrida de máximos, barrida de máximos con rechazo, RSI: 55.67, rechazo en zona de resistencia, envolvente bajista, calidad A+, memoria permite operación, ubicación válida, MERCADO: TENDENCIA_ALCISTA - precio con avance alcista predominante, CALIDAD MERCADO: NORMAL score 60, TENDENCIA AVANZADA: ALCISTA_NORMAL fuerza 55.87, VALIDACIÓN MERCADO: sweep permitido por rechazo/liquidez, ZONA SR: PUT permitido con cautela: soporte cerca, ACCION PRECIO: acción precio: PUT con soporte cerca sin ruptura confirmada, RUPTURA: sin ruptura confirmada de soporte"
2026-06-08 16:32:13,CERRADA,13971607707,SEIUSD-OTC,turbo,call,21,pullback alcista a EMA,54.19,17.2,"ESTRATEGIA: pullback alcista a EMA/zona, EMA favorece compra, pullback válido para compra, RSI: 54.19, tendencia alcista, estructura alcista, morning star alcista, calidad A+, memoria permite operación, ubicación válida, MERCADO: TENDENCIA_ALCISTA - precio con avance alcista predominante, CALIDAD MERCADO: NORMAL score 57, TENDENCIA AVANZADA: ALCISTA_NORMAL fuerza 62.5, VALIDACIÓN MERCADO: pullback permitido a favor de tendencia, ZONA SR: CALL permitido con cautela: resistencia cerca, ACCION PRECIO: acción precio: CALL con resistencia cerca sin ruptura confirmada, RUPTURA: sin ruptura confirmada de resistencia"
2026-06-08 16:36:09,CERRADA,13971616296,GBPNZD-OTC,turbo,put,19,CHOCH bajista,41.16,-20.0,"ESTRATEGIA: CHOCH bajista, CHOCH bajista: rompe estructura inferior, EMA favorece venta, RSI: 41.16, rechazo vendedor fuerte, calidad A+, memoria permite operación, ubicación válida, MERCADO: TENDENCIA_BAJISTA - precio con avance bajista predominante, CALIDAD MERCADO: NORMAL score 67, TENDENCIA AVANZADA: BAJISTA_NORMAL fuerza 68.27, VALIDACIÓN MERCADO: CHOCH permitido a favor de tendencia, ZONA SR: PUT permitido con cautela: soporte cerca, ACCION PRECIO: acción precio: PUT con soporte cerca sin ruptura confirmada, RUPTURA: sin ruptura confirmada de soporte"
2026-06-08 16:42:10,CERRADA,13971629667,USDINR-OTC,turbo,call,21,CHOCH alcista,50.16,17.2,"ESTRATEGIA: CHOCH alcista, CHOCH alcista: rompe estructura superior, EMA favorece compra, RSI: 50.16, envolvente alcista, CHOCH apoyado en soporte, calidad A+, memoria permite operación, ubicación válida, MERCADO: RANGO - precio lateral o sin avance direccional fuerte, CALIDAD MERCADO: NORMAL score 70, TENDENCIA AVANZADA: BAJISTA_NORMAL fuerza 51.13, VALIDACIÓN MERCADO: CHOCH permitido en mercado delicado con confirmación, ZONA SR: CALL permitido con cautela: resistencia cerca, ACCION PRECIO: acción precio: CALL con resistencia cerca sin ruptura confirmada, RUPTURA: sin ruptura confirmada de resistencia"
2026-06-08 16:42:26,CERRADA,13971630409,INTEL-OTC,binary,call,21,pullback alcista a EMA,61.86,-20.0,"ESTRATEGIA: pullback alcista a EMA/zona, EMA favorece compra, pullback válido para compra, RSI: 61.86, tendencia alcista, estructura alcista, envolvente alcista, calidad A+, memoria permite operación, ubicación válida, MERCADO: TENDENCIA_ALCISTA - precio con avance alcista predominante, CALIDAD MERCADO: NORMAL score 59, TENDENCIA AVANZADA: ALCISTA_FUERTE fuerza 79.64, VALIDACIÓN MERCADO: pullback permitido a favor de tendencia, ZONA SR: CALL permitido con cautela: resistencia cerca, ACCION PRECIO: acción precio: CALL con resistencia cerca sin ruptura confirmada, RUPTURA: sin ruptura confirmada de resistencia"
2026-06-08 16:44:15,CERRADA,13971634842,ONDOUSD-OTC,turbo,put,18,CHOCH bajista,46.06,17.4,"ESTRATEGIA: CHOCH bajista, CHOCH bajista: rompe estructura inferior, EMA favorece venta, RSI: 46.06, CHOCH apoyado en resistencia, calidad A+, memoria permite operación, ubicación válida, MERCADO: TENDENCIA_BAJISTA - precio con avance bajista predominante, CALIDAD MERCADO: NORMAL score 64, TENDENCIA AVANZADA: BAJISTA_NORMAL fuerza 65.32, VALIDACIÓN MERCADO: CHOCH permitido a favor de tendencia, ZONA SR: PUT permitido con cautela: soporte cerca, ACCION PRECIO: acción precio: PUT con soporte cerca sin ruptura confirmada, RUPTURA: sin ruptura confirmada de soporte"
2026-06-08 17:18:11,CERRADA,13971709814,CHFNOK-OTC,turbo,put,23,pullback bajista a EMA,45.06,-20.0,"ESTRATEGIA: pullback bajista a EMA/zona, EMA favorece venta, pullback bajista confirmado, RSI: 45.06, tendencia bajista, estructura bajista, pullback cerca de resistencia, pin bar bajista, rechazo vendedor fuerte, calidad A+, memoria permite operación, ubicación válida, MERCADO: TENDENCIA_BAJISTA - precio con avance bajista predominante, CALIDAD MERCADO: NORMAL score 64, TENDENCIA AVANZADA: BAJISTA_NORMAL fuerza 58.38, VALIDACIÓN MERCADO: pullback permitido a favor de tendencia, ZONA SR: PUT permitido con cautela: soporte cerca, ACCION PRECIO: acción precio: PUT con soporte cerca sin ruptura confirmada, RUPTURA: sin ruptura confirmada de soporte"
2026-06-08 17:20:25,CERRADA,13971715478,AUDCAD-OTC,binary,call,18,CHOCH alcista,59.39,-20.0,"ESTRATEGIA: CHOCH alcista, CHOCH alcista: rompe estructura superior, EMA favorece compra, RSI: 59.39, CHOCH apoyado en soporte, calidad A+, memoria permite operación, ubicación válida, MERCADO: TENDENCIA_ALCISTA - precio con avance alcista predominante, CALIDAD MERCADO: LIMPIO score 76, TENDENCIA AVANZADA: ALCISTA_NORMAL fuerza 67.27, VALIDACIÓN MERCADO: CHOCH permitido a favor de tendencia, ZONA SR: CALL permitido con cautela: resistencia cerca, ACCION PRECIO: acción precio: CALL con resistencia cerca sin ruptura confirmada, RUPTURA: sin ruptura confirmada de resistencia"
2026-06-08 20:41:16,CERRADA,13972219434,RENDERUSD-OTC,binary,call,21,pullback alcista a EMA,47.05,-20.0,"ESTRATEGIA: pullback alcista a EMA/zona, EMA favorece compra, pullback válido para compra, RSI: 47.05, tendencia alcista, estructura alcista, envolvente alcista, calidad A+, memoria permite operación, ubicación válida, MERCADO: RANGO - mercado mixto tratado como rango preventivo, CALIDAD MERCADO: NORMAL score 57, TENDENCIA AVANZADA: ALCISTA_NORMAL fuerza 60.74, VALIDACIÓN MERCADO: pullback permitido a favor de tendencia, ZONA SR: CALL permitido con cautela: resistencia cerca, ACCION PRECIO: acción precio: CALL con resistencia cerca sin ruptura confirmada, RUPTURA: sin ruptura confirmada de resistencia"
2026-06-08 20:43:13,CERRADA,13972224737,BIDU-OTC,binary,put,21,pullback bajista a EMA,38.76,17.0,"ESTRATEGIA: pullback bajista a EMA/zona, EMA favorece venta, pullback bajista confirmado, RSI: 38.76, estructura bajista, pullback cerca de resistencia, pin bar bajista, rechazo vendedor fuerte, calidad A+, memoria permite operación, ubicación válida, MERCADO: TENDENCIA_BAJISTA - precio con avance bajista predominante, CALIDAD MERCADO: NORMAL score 63, TENDENCIA AVANZADA: BAJISTA_FUERTE fuerza 70.8, VALIDACIÓN MERCADO: pullback permitido a favor de tendencia, ZONA SR: PUT permitido con cautela: soporte cerca, ACCION PRECIO: acción precio: PUT con soporte cerca sin ruptura confirmada, RUPTURA: sin ruptura confirmada de soporte"
2026-06-08 20:49:10,CERRADA,13972240435,RONINUSD-OTC,turbo,call,18,CHOCH alcista,59.14,17.0,"ESTRATEGIA: CHOCH alcista, CHOCH alcista: rompe estructura superior, EMA favorece compra, RSI: 59.14, CHOCH apoyado en soporte, calidad A+, memoria permite operación, ubicación válida, MERCADO: TENDENCIA_ALCISTA - precio con avance alcista predominante, CALIDAD MERCADO: NORMAL score 63, TENDENCIA AVANZADA: ALCISTA_NORMAL fuerza 59.82, VALIDACIÓN MERCADO: CHOCH permitido a favor de tendencia, ZONA SR: CALL permitido con cautela: resistencia cerca, ACCION PRECIO: acción precio: CALL con resistencia cerca sin ruptura confirmada, RUPTURA: sin ruptura confirmada de resistencia"
2026-06-08 20:55:28,CERRADA,13972258043,AUDUSD-OTC,binary,put,22,liquidity sweep bajista,56.84,-20.0,"ESTRATEGIA: liquidity sweep bajista, liquidity sweep bajista: barrida de máximos, barrida de máximos con rechazo, RSI: 56.84, rechazo vendedor fuerte, pin bar bajista, calidad A+, memoria permite operación, ubicación válida, MERCADO: RANGO - mercado mixto tratado como rango preventivo, CALIDAD MERCADO: NORMAL score 56, TENDENCIA AVANZADA: BAJISTA_DEBIL fuerza 36.69, VALIDACIÓN MERCADO: sweep permitido con confirmación suficiente, ZONA SR: PUT permitido con cautela: soporte cerca, ACCION PRECIO: acción precio: PUT con soporte cerca sin ruptura confirmada, RUPTURA: sin ruptura confirmada de soporte"
2026-06-08 21:32:10,CERRADA,13972351099,EU50-OTC,turbo,call,22,liquidity sweep alcista,38.73,17.0,"ESTRATEGIA: liquidity sweep alcista, liquidity sweep alcista: barrida de mínimos, barrida de mínimos con recuperación confirmada, RSI: 38.73, recuperación en zona de soporte, rechazo comprador fuerte, rechazo alcista, calidad A+, memoria permite operación, ubicación válida, MERCADO: TENDENCIA_BAJISTA - precio con avance bajista predominante, CALIDAD MERCADO: NORMAL score 57, TENDENCIA AVANZADA: BAJISTA_NORMAL fuerza 64.14, VALIDACIÓN MERCADO: sweep permitido por rechazo/liquidez, ZONA SR: CALL permitido con cautela: resistencia cerca, ACCION PRECIO: acción precio: CALL con resistencia cerca sin ruptura confirmada, RUPTURA: sin ruptura confirmada de resistencia"
2026-06-08 21:42:12,CERRADA,13972375862,IOTAUSD-OTC,turbo,call,23,liquidity sweep alcista,51.76,17.0,"ESTRATEGIA: liquidity sweep alcista, liquidity sweep alcista: barrida de mínimos, barrida de mínimos con recuperación confirmada, RSI: 51.76, recuperación en zona de soporte, envolvente alcista, calidad A+, memoria permite operación, ubicación válida, MERCADO: TENDENCIA_ALCISTA - precio con avance alcista predominante, CALIDAD MERCADO: NORMAL score 74, TENDENCIA AVANZADA: ALCISTA_NORMAL fuerza 52.94, VALIDACIÓN MERCADO: sweep permitido a favor de tendencia, ZONA SR: CALL permitido con cautela: resistencia cerca, ACCION PRECIO: acción precio: CALL con resistencia cerca sin ruptura confirmada, RUPTURA: sin ruptura confirmada de resistencia"
2026-06-08 21:42:26,CERRADA,13972376429,SNDK-OTC,turbo,put,20,liquidity sweep bajista,46.68,-20.0,"ESTRATEGIA: liquidity sweep bajista, liquidity sweep bajista: barrida de máximos, barrida de máximos con rechazo, RSI: 46.68, rechazo en zona de resistencia, calidad A+, memoria permite operación, ubicación válida, MERCADO: TENDENCIA_BAJISTA - precio con avance bajista predominante, CALIDAD MERCADO: NORMAL score 74, TENDENCIA AVANZADA: BAJISTA_FUERTE fuerza 70.28, VALIDACIÓN MERCADO: sweep permitido a favor de tendencia, ZONA SR: PUT permitido con cautela: soporte cerca, ACCION PRECIO: acción precio: PUT con soporte cerca sin ruptura confirmada, RUPTURA: sin ruptura confirmada de soporte"
2026-06-08 21:43:16,CERRADA,13972378783,AUS200-OTC,turbo,call,22,liquidity sweep alcista,52.51,-20.0,"ESTRATEGIA: liquidity sweep alcista, liquidity sweep alcista: barrida de mínimos, barrida de mínimos con recuperación confirmada, RSI: 52.51, rechazo comprador fuerte, pin bar alcista, calidad A+, memoria permite operación, ubicación válida, MERCADO: RANGO - precio lateral o sin avance direccional fuerte, CALIDAD MERCADO: NORMAL score 60, TENDENCIA AVANZADA: ALCISTA_DEBIL fuerza 38.52, VALIDACIÓN MERCADO: sweep permitido con confirmación suficiente, ZONA SR: CALL permitido con cautela: resistencia cerca, ACCION PRECIO: acción precio: CALL con resistencia cerca sin ruptura confirmada, RUPTURA: sin ruptura confirmada de resistencia"
2026-06-08 22:07:11,CERRADA,13972446270,USDTHB-OTC,turbo,put,20,CHOCH bajista,39.44,17.0,"ESTRATEGIA: CHOCH bajista, CHOCH bajista: rompe estructura inferior, EMA favorece venta, RSI: 39.44, envolvente bajista, calidad A+, memoria permite operación, ubicación válida, MERCADO: TENDENCIA_BAJISTA - precio con avance bajista predominante, CALIDAD MERCADO: NORMAL score 64, TENDENCIA AVANZADA: BAJISTA_FUERTE fuerza 73.32, VALIDACIÓN MERCADO: CHOCH permitido a favor de tendencia, ZONA SR: PUT permitido con cautela: soporte cerca, ACCION PRECIO: acción precio: PUT con soporte cerca sin ruptura confirmada, RUPTURA: sin ruptura confirmada de soporte"
2026-06-08 22:14:07,CERRADA,13972466629,ONDOUSD-OTC,binary,call,18,CHOCH alcista,60.99,17.4,"ESTRATEGIA: CHOCH alcista, CHOCH alcista: rompe estructura superior, EMA favorece compra, RSI: 60.99, CHOCH apoyado en soporte, calidad A+, memoria permite operación, ubicación válida, MERCADO: TENDENCIA_ALCISTA - precio con avance alcista predominante, CALIDAD MERCADO: NORMAL score 64, TENDENCIA AVANZADA: ALCISTA_FUERTE fuerza 70.54, VALIDACIÓN MERCADO: CHOCH permitido a favor de tendencia, ZONA SR: CALL permitido con cautela: resistencia cerca, ACCION PRECIO: acción precio: CALL con resistencia cerca sin ruptura confirmada, RUPTURA: sin ruptura confirmada de resistencia"
2026-06-08 22:21:14,CERRADA,13972485570,HK33-OTC,turbo,put,18,CHOCH bajista,44.87,-20.0,"ESTRATEGIA: CHOCH bajista, CHOCH bajista: rompe estructura inferior, EMA favorece venta, RSI: 44.87, CHOCH apoyado en resistencia, calidad A+, memoria permite operación, ubicación válida, MERCADO: TENDENCIA_BAJISTA - precio con avance bajista predominante, CALIDAD MERCADO: NORMAL score 69, TENDENCIA AVANZADA: BAJISTA_NORMAL fuerza 64.32, VALIDACIÓN MERCADO: CHOCH permitido a favor de tendencia, ZONA SR: PUT permitido: zona sin conflicto fuerte, ACCION PRECIO: acción precio: PUT sin conflicto fuerte de zona, RUPTURA: sin ruptura confirmada de soporte"
2026-06-08 22:30:13,CERRADA,13972507679,FR40-OTC,turbo,put,22,pullback bajista a EMA,51.87,17.0,"ESTRATEGIA: pullback bajista a EMA/zona, EMA favorece venta, pullback bajista confirmado, RSI: 51.87, tendencia bajista, estructura bajista, pin bar bajista, rechazo vendedor fuerte, calidad A+, memoria permite operación, ubicación válida, MERCADO: RANGO - mercado mixto tratado como rango preventivo, CALIDAD MERCADO: NORMAL score 73, TENDENCIA AVANZADA: BAJISTA_NORMAL fuerza 57.66, VALIDACIÓN MERCADO: pullback permitido a favor de tendencia, ZONA SR: PUT permitido con cautela: soporte cerca, ACCION PRECIO: acción precio: PUT con soporte cerca sin ruptura confirmada, RUPTURA: sin ruptura confirmada de soporte"
2026-06-08 22:31:11,CERRADA,13972510234,AUS200-OTC,binary,put,18,CHOCH bajista,42.16,17.0,"ESTRATEGIA: CHOCH bajista, CHOCH bajista: rompe estructura inferior, EMA favorece venta, RSI: 42.16, CHOCH apoyado en resistencia, calidad A+, memoria permite operación, ubicación válida, MERCADO: TENDENCIA_BAJISTA - precio con avance bajista predominante, CALIDAD MERCADO: LIMPIO score 75, TENDENCIA AVANZADA: BAJISTA_FUERTE fuerza 84.73, VALIDACIÓN MERCADO: CHOCH permitido a favor de tendencia, ZONA SR: PUT permitido: zona sin conflicto fuerte, ACCION PRECIO: acción precio: PUT sin conflicto fuerte de zona, RUPTURA: sin ruptura confirmada de soporte"
2026-06-08 22:31:22,CERRADA,13972510697,USDSGD-OTC,turbo,put,23,pullback bajista a EMA,38.03,-20.0,"ESTRATEGIA: pullback bajista a EMA/zona, EMA favorece venta, pullback bajista confirmado, RSI: 38.03, tendencia bajista, estructura bajista, pullback cerca de resistencia, pin bar bajista, rechazo vendedor fuerte, calidad A+, memoria permite operación, ubicación válida, MERCADO: TENDENCIA_BAJISTA - precio con avance bajista predominante, CALIDAD MERCADO: NORMAL score 59, TENDENCIA AVANZADA: BAJISTA_NORMAL fuerza 61.6, VALIDACIÓN MERCADO: pullback permitido a favor de tendencia, ZONA SR: PUT permitido con cautela: soporte cerca, ACCION PRECIO: acción precio: PUT con soporte cerca sin ruptura confirmada, RUPTURA: sin ruptura confirmada de soporte"
2026-06-08 22:36:12,CERRADA,13972522614,US2000-OTC,turbo,put,22,pullback bajista a EMA,49.64,17.0,"ESTRATEGIA: pullback bajista a EMA/zona, EMA favorece venta, pullback bajista confirmado, RSI: 49.64, tendencia bajista, estructura bajista, shooting star bajista, rechazo vendedor fuerte, calidad A+, memoria permite operación, ubicación válida, MERCADO: RANGO - precio lateral o sin avance direccional fuerte, CALIDAD MERCADO: NORMAL score 66, TENDENCIA AVANZADA: BAJISTA_DEBIL fuerza 41.88, VALIDACIÓN MERCADO: pullback permitido a favor de tendencia, ZONA SR: PUT permitido con cautela: soporte cerca, ACCION PRECIO: acción precio: PUT con soporte cerca sin ruptura confirmada, RUPTURA: sin ruptura confirmada de soporte"
2026-06-08 22:45:09,CERRADA,13972545486,ARBUSD-OTC,turbo,put,21,pullback bajista a EMA,44.1,17.0,"ESTRATEGIA: pullback bajista a EMA/zona, EMA favorece venta, pullback bajista confirmado, RSI: 44.1, estructura bajista, pullback cerca de resistencia, pin bar bajista, rechazo vendedor fuerte, calidad A+, memoria permite operación, ubicación válida, MERCADO: RANGO - mercado mixto tratado como rango preventivo, CALIDAD MERCADO: NORMAL score 59, TENDENCIA AVANZADA: BAJISTA_NORMAL fuerza 66.81, VALIDACIÓN MERCADO: pullback permitido a favor de tendencia, ZONA SR: PUT permitido con cautela: soporte cerca, ACCION PRECIO: acción precio: PUT con soporte cerca sin ruptura confirmada, RUPTURA: sin ruptura confirmada de soporte"
2026-06-08 23:06:18,CERRADA,13972596801,XRPUSD-OTC,turbo,put,15,rechazo vendedor en resistencia,59.2,17.0,"ESTRATEGIA: rechazo vendedor en resistencia, rechazo vendedor fuerte, zona resistencia activa, RSI válido para venta: 59.2, PUT válido por reacción en resistencia, triple rechazo en resistencia, shooting star bajista, calidad A, memoria permite operación, ubicación válida, MERCADO: TENDENCIA_ALCISTA - precio con avance alcista predominante, CALIDAD MERCADO: NORMAL score 61, TENDENCIA AVANZADA: ALCISTA_NORMAL fuerza 51.25, VALIDACIÓN MERCADO: PUT contra tendencia permitido por agotamiento alcista, ZONA SR: PUT permitido con cautela: soporte cerca, ACCION PRECIO: acción precio: PUT con soporte cerca sin ruptura confirmada, RUPTURA: sin ruptura confirmada de soporte"
2026-06-08 23:28:10,CERRADA,13972653059,AIG-OTC,turbo,call,22,liquidity sweep alcista,41.12,-20.0,"ESTRATEGIA: liquidity sweep alcista, liquidity sweep alcista: barrida de mínimos, barrida de mínimos con recuperación confirmada, RSI: 41.12, rechazo comprador fuerte, martillo alcista, calidad A+, memoria permite operación, ubicación válida, MERCADO: TENDENCIA_BAJISTA - precio con avance bajista predominante, CALIDAD MERCADO: NORMAL score 60, TENDENCIA AVANZADA: BAJISTA_NORMAL fuerza 51.97, VALIDACIÓN MERCADO: sweep permitido por rechazo/liquidez, ZONA SR: CALL permitido con cautela: resistencia cerca, ACCION PRECIO: acción precio: CALL con resistencia cerca sin ruptura confirmada, RUPTURA: sin ruptura confirmada de resistencia"
2026-06-08 23:34:13,CERRADA,13972667963,AUDCHF-OTC,turbo,put,21,CHOCH bajista,39.18,17.0,"ESTRATEGIA: CHOCH bajista, CHOCH bajista: rompe estructura inferior, EMA favorece venta, RSI: 39.18, rechazo vendedor fuerte, pin bar bajista, calidad A+, memoria permite operación, ubicación válida, MERCADO: TENDENCIA_BAJISTA - precio con avance bajista predominante, CALIDAD MERCADO: NORMAL score 65, TENDENCIA AVANZADA: BAJISTA_FUERTE fuerza 77.41, VALIDACIÓN MERCADO: CHOCH permitido a favor de tendencia, ZONA SR: PUT permitido con cautela: soporte cerca, ACCION PRECIO: acción precio: PUT con soporte cerca sin ruptura confirmada, RUPTURA: sin ruptura confirmada de soporte"
2026-06-09 10:01:15,CERRADA,13973792863,AUDJPY-OTC,turbo,put,18,CHOCH bajista,38.7,17.4,"ESTRATEGIA: CHOCH bajista, CHOCH bajista: rompe estructura inferior, EMA favorece venta, RSI: 38.7, CHOCH apoyado en resistencia, calidad A+, memoria permite operación, ubicación válida, MERCADO: TENDENCIA_BAJISTA - precio con avance bajista predominante, CALIDAD MERCADO: LIMPIO score 75, TENDENCIA AVANZADA: BAJISTA_FUERTE fuerza 71.37, VALIDACIÓN MERCADO: CHOCH permitido a favor de tendencia, ZONA SR: PUT permitido con cautela: soporte cerca, ACCION PRECIO: acción precio: PUT con soporte cerca sin ruptura confirmada, RUPTURA: sin ruptura confirmada de soporte"
2026-06-09 10:11:16,CERRADA,13973818679,ORDIUSD-OTC,turbo,call,18,CHOCH alcista,55.79,17.4,"ESTRATEGIA: CHOCH alcista, CHOCH alcista: rompe estructura superior, EMA favorece compra, RSI: 55.79, CHOCH apoyado en soporte, calidad A+, memoria permite operación, ubicación válida, MERCADO: TENDENCIA_ALCISTA - precio con avance alcista predominante, CALIDAD MERCADO: NORMAL score 65, TENDENCIA AVANZADA: ALCISTA_FUERTE fuerza 71.65, VALIDACIÓN MERCADO: CHOCH permitido a favor de tendencia, ZONA SR: CALL permitido con cautela: resistencia cerca, ACCION PRECIO: acción precio: CALL con resistencia cerca sin ruptura confirmada, RUPTURA: sin ruptura confirmada de resistencia"
2026-06-09 11:39:04,CERRADA,13974060068,SANDUSD-OTC,turbo,put,14,continuación bajista con tendencia,44.62,-20.0,"ESTRATEGIA: continuación bajista con tendencia, tendencia bajista, estructura bajista, EMA favorece venta, micro tendencia bajista, RSI: 44.62, envolvente bajista, calidad A, memoria permite operación, ubicación válida, MERCADO: TENDENCIA_BAJISTA - precio con avance bajista predominante, CALIDAD MERCADO: NORMAL score 65, TENDENCIA AVANZADA: BAJISTA_NORMAL fuerza 62.75, VALIDACIÓN MERCADO: PUT permitido a favor de tendencia bajista, ZONA SR: PUT permitido con cautela: soporte cerca, ACCION PRECIO: acción precio: PUT con soporte cerca sin ruptura confirmada, RUPTURA: sin ruptura confirmada de soporte"
2026-06-09 12:35:14,CERRADA,13974214435,AMAZON-OTC,turbo,call,23,liquidity sweep alcista,31.74,17.4,"ESTRATEGIA: liquidity sweep alcista, liquidity sweep alcista: barrida de mínimos, barrida de mínimos con recuperación confirmada, RSI: 31.74, recuperación en zona de soporte, envolvente alcista, calidad A+, memoria permite operación, ubicación válida, MERCADO: TENDENCIA_BAJISTA - precio con avance bajista predominante, CALIDAD MERCADO: LIMPIO score 80, TENDENCIA AVANZADA: BAJISTA_FUERTE fuerza 80.87, VALIDACIÓN MERCADO: sweep permitido por rechazo/liquidez, ZONA SR: CALL permitido con cautela: resistencia cerca, ACCION PRECIO: acción precio: CALL con resistencia cerca sin ruptura confirmada, RUPTURA: sin ruptura confirmada de resistencia"
2026-06-09 12:38:05,CERRADA,13974221681,CHFNOK-OTC,turbo,call,18,CHOCH alcista,60.93,-20.0,"ESTRATEGIA: CHOCH alcista, CHOCH alcista: rompe estructura superior, EMA favorece compra, RSI: 60.93, CHOCH apoyado en soporte, calidad A+, memoria permite operación, ubicación válida, MERCADO: TENDENCIA_ALCISTA - precio con avance alcista predominante, CALIDAD MERCADO: NORMAL score 65, TENDENCIA AVANZADA: ALCISTA_FUERTE fuerza 74.04, VALIDACIÓN MERCADO: CHOCH permitido a favor de tendencia, ZONA SR: CALL permitido con cautela: resistencia cerca, ACCION PRECIO: acción precio: CALL con resistencia cerca sin ruptura confirmada, RUPTURA: sin ruptura confirmada de resistencia"
2026-06-09 12:42:09,CERRADA,13974233294,SUIUSD-OTC,turbo,call,18,CHOCH alcista,53.98,-20.0,"ESTRATEGIA: CHOCH alcista, CHOCH alcista: rompe estructura superior, EMA favorece compra, RSI: 53.98, CHOCH apoyado en soporte, calidad A+, memoria permite operación, ubicación válida, MERCADO: TENDENCIA_ALCISTA - precio con avance alcista predominante, CALIDAD MERCADO: NORMAL score 58, TENDENCIA AVANZADA: ALCISTA_NORMAL fuerza 55.46, VALIDACIÓN MERCADO: CHOCH permitido a favor de tendencia, ZONA SR: CALL permitido con cautela: resistencia cerca, ACCION PRECIO: acción precio: CALL con resistencia cerca sin ruptura confirmada, RUPTURA: sin ruptura confirmada de resistencia"
2026-06-09 13:04:18,CERRADA,13974285197,EURCAD-OTC,turbo,put,18,CHOCH bajista,40.05,-20.0,"ESTRATEGIA: CHOCH bajista, CHOCH bajista: rompe estructura inferior, EMA favorece venta, RSI: 40.05, CHOCH apoyado en resistencia, calidad A+, memoria permite operación, ubicación válida, MERCADO: TENDENCIA_BAJISTA - precio con avance bajista predominante, CALIDAD MERCADO: NORMAL score 73, TENDENCIA AVANZADA: BAJISTA_NORMAL fuerza 61.41, VALIDACIÓN MERCADO: CHOCH permitido a favor de tendencia, ZONA SR: PUT permitido con cautela: soporte cerca, ACCION PRECIO: acción precio: PUT con soporte cerca sin ruptura confirmada, RUPTURA: falsa ruptura: perforó soporte pero no confirmó cierre"
2026-06-09 13:06:07,CERRADA,13974289796,FB-OTC,turbo,call,18,CHOCH alcista,61.5,-20.0,"ESTRATEGIA: CHOCH alcista, CHOCH alcista: rompe estructura superior, EMA favorece compra, RSI: 61.5, CHOCH apoyado en soporte, calidad A+, memoria permite operación, ubicación válida, MERCADO: TENDENCIA_ALCISTA - precio con avance alcista predominante, CALIDAD MERCADO: LIMPIO score 75, TENDENCIA AVANZADA: ALCISTA_FUERTE fuerza 85.26, VALIDACIÓN MERCADO: CHOCH permitido a favor de tendencia, ZONA SR: CALL permitido con cautela: resistencia cerca, ACCION PRECIO: acción precio: CALL con resistencia cerca sin ruptura confirmada, RUPTURA: sin ruptura confirmada de resistencia"
2026-06-09 13:39:20,CERRADA,13974365977,USDSGD-OTC,binary,put,21,CHOCH bajista,39.94,-20.0,"ESTRATEGIA: CHOCH bajista, CHOCH bajista: rompe estructura inferior, EMA favorece venta, RSI: 39.94, rechazo vendedor fuerte, pin bar bajista, calidad A+, memoria permite operación, ubicación válida, MERCADO: RANGO - mercado mixto tratado como rango preventivo, CALIDAD MERCADO: NORMAL score 60, TENDENCIA AVANZADA: BAJISTA_NORMAL fuerza 59.55, VALIDACIÓN MERCADO: CHOCH permitido en mercado delicado con confirmación, ZONA SR: PUT permitido con cautela: soporte cerca, ACCION PRECIO: acción precio: PUT con soporte cerca sin ruptura confirmada, RUPTURA: sin ruptura confirmada de soporte"
2026-06-09 15:04:18,CERRADA,13974562903,RAYDIUMUSD-OTC,turbo,put,18,CHOCH bajista,39.6,17.4,"ESTRATEGIA: CHOCH bajista, CHOCH bajista: rompe estructura inferior, EMA favorece venta, RSI: 39.6, CHOCH apoyado en resistencia, calidad A+, memoria permite operación, ubicación válida, MERCADO: TENDENCIA_BAJISTA - precio con avance bajista predominante, CALIDAD MERCADO: NORMAL score 68, TENDENCIA AVANZADA: BAJISTA_NORMAL fuerza 51.72, VALIDACIÓN MERCADO: CHOCH permitido a favor de tendencia, ZONA SR: PUT permitido con cautela: soporte cerca, ACCION PRECIO: acción precio: PUT con soporte cerca sin ruptura confirmada, RUPTURA: sin ruptura confirmada de soporte"
2026-06-09 15:32:23,CERRADA,13974627059,CITI-OTC,turbo,call,24,liquidity sweep alcista,32.37,17.4,"ESTRATEGIA: liquidity sweep alcista, liquidity sweep alcista: barrida de mínimos, barrida de mínimos con recuperación confirmada, RSI: 32.37, recuperación en zona de soporte, rechazo comprador fuerte, martillo alcista, calidad A+, memoria permite operación, ubicación válida, MERCADO: TENDENCIA_BAJISTA - precio con avance bajista predominante, CALIDAD MERCADO: NORMAL score 59, TENDENCIA AVANZADA: BAJISTA_NORMAL fuerza 59.18, VALIDACIÓN MERCADO: sweep permitido por rechazo/liquidez, ZONA SR: CALL permitido con cautela: resistencia cerca, ACCION PRECIO: acción precio: CALL con resistencia cerca sin ruptura confirmada, RUPTURA: sin ruptura confirmada de resistencia"
2026-06-09 15:51:27,CERRADA,13974672600,BONKUSD-OTC,binary,put,18,CHOCH bajista,39.13,-20.0,"ESTRATEGIA: CHOCH bajista, CHOCH bajista: rompe estructura inferior, EMA favorece venta, RSI: 39.13, CHOCH apoyado en resistencia, calidad A+, memoria permite operación, ubicación válida, MERCADO: TENDENCIA_BAJISTA - precio con avance bajista predominante, CALIDAD MERCADO: NORMAL score 72, TENDENCIA AVANZADA: BAJISTA_NORMAL fuerza 66.51, VALIDACIÓN MERCADO: CHOCH permitido a favor de tendencia, ZONA SR: PUT permitido con cautela: soporte cerca, ACCION PRECIO: acción precio: PUT con soporte cerca sin ruptura confirmada, RUPTURA: sin ruptura confirmada de soporte"
2026-06-09 16:17:12,CERRADA,13974730195,AUDUSD-OTC,turbo,call,18,CHOCH alcista,58.62,-20.0,"ESTRATEGIA: CHOCH alcista, CHOCH alcista: rompe estructura superior, EMA favorece compra, RSI: 58.62, CHOCH apoyado en soporte, calidad A+, memoria permite operación, ubicación válida, MERCADO: TENDENCIA_ALCISTA - precio con avance alcista predominante, CALIDAD MERCADO: NORMAL score 71, TENDENCIA AVANZADA: ALCISTA_NORMAL fuerza 64.4, VALIDACIÓN MERCADO: CHOCH permitido a favor de tendencia, ZONA SR: CALL permitido con cautela: resistencia cerca, ACCION PRECIO: acción precio: CALL con resistencia cerca sin ruptura confirmada, RUPTURA: sin ruptura confirmada de resistencia"
2026-06-09 16:30:15,CERRADA,13974759677,AUDCHF-OTC,turbo,put,18,CHOCH bajista,38.79,-20.0,"ESTRATEGIA: CHOCH bajista, CHOCH bajista: rompe estructura inferior, EMA favorece venta, RSI: 38.79, CHOCH apoyado en resistencia, calidad A+, memoria permite operación, ubicación válida, MERCADO: TENDENCIA_BAJISTA - precio con avance bajista predominante, CALIDAD MERCADO: NORMAL score 61, TENDENCIA AVANZADA: BAJISTA_NORMAL fuerza 51.18, VALIDACIÓN MERCADO: CHOCH permitido a favor de tendencia, ZONA SR: PUT permitido con cautela: soporte cerca, ACCION PRECIO: acción precio: PUT con soporte cerca sin ruptura confirmada, RUPTURA: sin ruptura confirmada de soporte"
2026-06-09 23:35:13,CERRADA,13975786493,XAUUSD-OTC,binary,put,22,reacción vendedora en resistencia,46.76,16.6,"ESTRATEGIA: reacción vendedora en resistencia, PUT válido por reacción en resistencia, precio reaccionando en resistencia, RSI: 46.76, rechazo vendedor fuerte, pin bar bajista, calidad A+, memoria permite operación, ubicación válida, MERCADO: RANGO - precio lateral o sin avance direccional fuerte, CALIDAD MERCADO: NORMAL score 69, TENDENCIA AVANZADA: ALCISTA_DEBIL fuerza 46.66, VALIDACIÓN MERCADO: mercado permitido, ZONA SR: PUT permitido con cautela: soporte cerca, ACCION PRECIO: acción precio: PUT con soporte cerca sin ruptura confirmada, RUPTURA: sin ruptura confirmada de soporte"
2026-06-09 23:52:16,CERRADA,13975828759,NZDCHF-OTC,turbo,put,22,reacción vendedora en resistencia,59.15,-20.0,"ESTRATEGIA: reacción vendedora en resistencia, PUT válido por reacción en resistencia, precio reaccionando en resistencia, RSI: 59.15, rechazo vendedor fuerte, shooting star bajista, calidad A+, memoria permite operación, ubicación válida, MERCADO: TENDENCIA_ALCISTA - precio con avance alcista predominante, CALIDAD MERCADO: NORMAL score 63, TENDENCIA AVANZADA: ALCISTA_NORMAL fuerza 65.12, VALIDACIÓN MERCADO: PUT contra tendencia permitido por agotamiento alcista, ZONA SR: PUT permitido con cautela: soporte cerca, ACCION PRECIO: acción precio: PUT con soporte cerca sin ruptura confirmada, RUPTURA: sin ruptura confirmada de soporte"
2026-06-09 23:52:17,CERRADA,13975828792,SP500-OTC,turbo,call,18,reacción compradora en soporte,54.74,18.0,"ESTRATEGIA: reacción compradora en soporte, CALL válido por reacción en soporte, precio reaccionando en soporte, RSI: 54.74, calidad A+, memoria permite operación, ubicación válida, MERCADO: TENDENCIA_ALCISTA - precio con avance alcista predominante, CALIDAD MERCADO: NORMAL score 58, TENDENCIA AVANZADA: ALCISTA_NORMAL fuerza 67.9, VALIDACIÓN MERCADO: CALL permitido a favor de tendencia alcista, ZONA SR: CALL permitido con cautela: resistencia cerca, ACCION PRECIO: acción precio: CALL con resistencia cerca sin ruptura confirmada, RUPTURA: sin ruptura confirmada de resistencia"
2026-06-09 23:53:26,CERRADA,13975831239,EURTHB-OTC,turbo,call,21,reacción compradora en soporte,53.02,-20.0,"ESTRATEGIA: reacción compradora en soporte, CALL válido por reacción en soporte, precio reaccionando en soporte, RSI: 53.02, envolvente alcista, calidad A+, memoria permite operación, ubicación válida, MERCADO: RANGO - precio lateral o sin avance direccional fuerte, CALIDAD MERCADO: NORMAL score 73, TENDENCIA AVANZADA: BAJISTA_DEBIL fuerza 35.92, VALIDACIÓN MERCADO: mercado permitido, ZONA SR: CALL permitido con cautela: resistencia cerca, ACCION PRECIO: acción precio: CALL con resistencia cerca sin ruptura confirmada, RUPTURA: sin ruptura confirmada de resistencia"
2026-06-09 23:59:17,CERRADA,13975843248,EURCHF-OTC,turbo,put,18,reacción vendedora en resistencia,43.38,16.6,"ESTRATEGIA: reacción vendedora en resistencia, PUT válido por reacción en resistencia, precio reaccionando en resistencia, RSI: 43.38, calidad A+, memoria permite operación, ubicación válida, MERCADO: TENDENCIA_BAJISTA - precio con avance bajista predominante, CALIDAD MERCADO: NORMAL score 66, TENDENCIA AVANZADA: BAJISTA_FUERTE fuerza 74.44, VALIDACIÓN MERCADO: PUT permitido a favor de tendencia bajista, ZONA SR: PUT permitido con cautela: soporte cerca, ACCION PRECIO: acción precio: PUT con soporte cerca sin ruptura confirmada, RUPTURA: falsa ruptura: perforó soporte pero no confirmó cierre"
2026-06-10 00:05:21,CERRADA,13975855460,TRUMPUSD-OTC,turbo,call,20,reacción compradora en soporte,50.88,-20.0,"ESTRATEGIA: reacción compradora en soporte, CALL válido por reacción en soporte, precio reaccionando en soporte, RSI: 50.88, rechazo comprador fuerte, calidad A+, memoria permite operación, ubicación válida, MERCADO: TENDENCIA_ALCISTA - precio con avance alcista predominante, CALIDAD MERCADO: NORMAL score 68, TENDENCIA AVANZADA: BAJISTA_DEBIL fuerza 45.04, VALIDACIÓN MERCADO: CALL permitido a favor de tendencia alcista, ZONA SR: CALL permitido con cautela: resistencia cerca, ACCION PRECIO: acción precio: CALL con resistencia cerca sin ruptura confirmada, RUPTURA: sin ruptura confirmada de resistencia"
2026-06-10 00:06:07,CERRADA,13975856862,JPM-OTC,binary,put,18,reacción vendedora en resistencia,47.09,16.6,"ESTRATEGIA: reacción vendedora en resistencia, PUT válido por reacción en resistencia, precio reaccionando en resistencia, RSI: 47.09, calidad A+, memoria permite operación, ubicación válida, MERCADO: TENDENCIA_BAJISTA - precio con avance bajista predominante, CALIDAD MERCADO: NORMAL score 70, TENDENCIA AVANZADA: BAJISTA_NORMAL fuerza 50.62, VALIDACIÓN MERCADO: PUT permitido a favor de tendencia bajista, ZONA SR: PUT permitido con cautela: soporte cerca, ACCION PRECIO: acción precio: PUT con soporte cerca sin ruptura confirmada, RUPTURA: sin ruptura confirmada de soporte"
2026-06-10 00:09:06,CERRADA,13975863113,COTTON-OTC,binary,call,22,reacción compradora en soporte,45.19,-20.0,"ESTRATEGIA: reacción compradora en soporte, CALL válido por reacción en soporte, precio reaccionando en soporte, RSI: 45.19, rechazo comprador fuerte, martillo alcista, calidad A+, memoria permite operación, ubicación válida, MERCADO: RANGO - precio lateral o sin avance direccional fuerte, CALIDAD MERCADO: NORMAL score 71, TENDENCIA AVANZADA: ALCISTA_DEBIL fuerza 36.91, VALIDACIÓN MERCADO: mercado permitido, ZONA SR: CALL permitido con cautela: resistencia cerca, ACCION PRECIO: acción precio: CALL con resistencia cerca sin ruptura confirmada, RUPTURA: sin ruptura confirmada de resistencia"
2026-06-10 00:13:19,CERRADA,13975872724,JPM-OTC,binary,put,18,reacción vendedora en resistencia,45.47,-20.0,"ESTRATEGIA: reacción vendedora en resistencia, PUT válido por reacción en resistencia, precio reaccionando en resistencia, RSI: 45.47, calidad A+, memoria permite operación, ubicación válida, MERCADO: TENDENCIA_BAJISTA - precio con avance bajista predominante, CALIDAD MERCADO: NORMAL score 74, TENDENCIA AVANZADA: BAJISTA_NORMAL fuerza 57.52, VALIDACIÓN MERCADO: PUT permitido a favor de tendencia bajista, ZONA SR: PUT permitido con cautela: soporte cerca, ACCION PRECIO: acción precio: PUT con soporte cerca sin ruptura confirmada, RUPTURA: sin ruptura confirmada de soporte"
2026-06-10 00:15:18,CERRADA,13975877348,SP500-OTC,turbo,put,21,reacción vendedora en resistencia,42.09,-20.0,"ESTRATEGIA: reacción vendedora en resistencia, PUT válido por reacción en resistencia, precio reaccionando en resistencia, RSI: 42.09, envolvente bajista, calidad A+, memoria permite operación, ubicación válida, MERCADO: TENDENCIA_BAJISTA - precio con avance bajista predominante, CALIDAD MERCADO: NORMAL score 65, TENDENCIA AVANZADA: BAJISTA_FUERTE fuerza 74.44, VALIDACIÓN MERCADO: PUT permitido a favor de tendencia bajista, ZONA SR: PUT permitido con cautela: soporte cerca, ACCION PRECIO: acción precio: PUT con soporte cerca sin ruptura confirmada, RUPTURA: sin ruptura confirmada de soporte"
2026-06-10 00:43:20,CERRADA,13975934620,PENUSD-OTC,turbo,put,21,reacción vendedora en resistencia,52.18,17.0,"ESTRATEGIA: reacción vendedora en resistencia, PUT válido por reacción en resistencia, precio reaccionando en resistencia, RSI: 52.18, envolvente bajista, calidad A+, memoria permite operación, ubicación válida, MERCADO: RANGO - mercado mixto tratado como rango preventivo, CALIDAD MERCADO: NORMAL score 59, TENDENCIA AVANZADA: BAJISTA_NORMAL fuerza 66.99, VALIDACIÓN MERCADO: mercado permitido, ZONA SR: PUT permitido con cautela: soporte cerca, ACCION PRECIO: acción precio: PUT con soporte cerca sin ruptura confirmada, RUPTURA: sin ruptura confirmada de soporte"
2026-06-10 00:56:16,CERRADA,13975959011,UK100-OTC,turbo,call,20,reacción compradora en soporte,50.39,17.0,"ESTRATEGIA: reacción compradora en soporte, CALL válido por reacción en soporte, precio reaccionando en soporte, RSI: 50.39, pin bar alcista, calidad A+, memoria permite operación, ubicación válida, MERCADO: RANGO - mercado mixto tratado como rango preventivo, CALIDAD MERCADO: NORMAL score 58, TENDENCIA AVANZADA: BAJISTA_NORMAL fuerza 57.64, VALIDACIÓN MERCADO: mercado permitido, ZONA SR: CALL permitido con cautela: resistencia cerca, ACCION PRECIO: acción precio: CALL con resistencia cerca sin ruptura confirmada, RUPTURA: sin ruptura confirmada de resistencia"
2026-06-10 00:57:07,CERRADA,13975960393,EURCAD-OTC,turbo,call,24,reacción compradora en soporte,45.16,17.0,"ESTRATEGIA: reacción compradora en soporte, CALL válido por reacción en soporte, precio reaccionando en soporte, RSI: 45.16, rechazo comprador fuerte, pin bar alcista, liquidity sweep alcista: barrida de mínimos, calidad A+, memoria permite operación, ubicación válida, MERCADO: RANGO - precio lateral o sin avance direccional fuerte, CALIDAD MERCADO: NORMAL score 66, TENDENCIA AVANZADA: ALCISTA_NORMAL fuerza 53.51, VALIDACIÓN MERCADO: mercado permitido, ZONA SR: CALL permitido con cautela: resistencia cerca, ACCION PRECIO: acción precio: CALL con resistencia cerca sin ruptura confirmada, RUPTURA: sin ruptura confirmada de resistencia"
2026-06-10 01:01:32,CERRADA,13975968545,MAGNIFICENT7-OTC,turbo,call,20,reacción compradora en soporte,51.94,17.0,"ESTRATEGIA: reacción compradora en soporte, CALL válido por reacción en soporte, precio reaccionando en soporte, RSI: 51.94, rechazo comprador fuerte, calidad A+, memoria permite operación, ubicación válida, MERCADO: TENDENCIA_ALCISTA - precio con avance alcista predominante, CALIDAD MERCADO: NORMAL score 61, TENDENCIA AVANZADA: ALCISTA_NORMAL fuerza 68.11, VALIDACIÓN MERCADO: CALL permitido a favor de tendencia alcista, ZONA SR: CALL permitido con cautela: resistencia cerca, ACCION PRECIO: acción precio: CALL con resistencia cerca sin ruptura confirmada, RUPTURA: sin ruptura confirmada de resistencia"
2026-06-10 01:03:12,CERRADA,13975971015,AUS200-OTC,turbo,put,20,reacción vendedora en resistencia,49.76,17.0,"ESTRATEGIA: reacción vendedora en resistencia, PUT válido por reacción en resistencia, precio reaccionando en resistencia, RSI: 49.76, pin bar bajista, calidad A+, memoria permite operación, ubicación válida, MERCADO: TENDENCIA_BAJISTA - precio con avance bajista predominante, CALIDAD MERCADO: NORMAL score 68, TENDENCIA AVANZADA: BAJISTA_DEBIL fuerza 42.71, VALIDACIÓN MERCADO: PUT permitido a favor de tendencia bajista, ZONA SR: PUT permitido con cautela: soporte cerca, ACCION PRECIO: acción precio: PUT con soporte cerca sin ruptura confirmada, RUPTURA: sin ruptura confirmada de soporte"
2026-06-10 01:08:15,CERRADA,13975979645,EOSUSD-OTC,turbo,put,22,reacción vendedora en resistencia,46.87,-20.0,"ESTRATEGIA: reacción vendedora en resistencia, PUT válido por reacción en resistencia, precio reaccionando en resistencia, RSI: 46.87, rechazo vendedor fuerte, pin bar bajista, calidad A+, memoria permite operación, ubicación válida, MERCADO: TENDENCIA_BAJISTA - precio con avance bajista predominante, CALIDAD MERCADO: NORMAL score 59, TENDENCIA AVANZADA: BAJISTA_NORMAL fuerza 65.68, VALIDACIÓN MERCADO: PUT permitido a favor de tendencia bajista, ZONA SR: PUT permitido con cautela: soporte cerca, ACCION PRECIO: acción precio: PUT con soporte cerca sin ruptura confirmada, RUPTURA: sin ruptura confirmada de soporte"
2026-06-10 01:09:12,CERRADA,13975981218,NZDJPY-OTC,turbo,put,18,reacción vendedora en resistencia,46.92,-20.0,"ESTRATEGIA: reacción vendedora en resistencia, PUT válido por reacción en resistencia, precio reaccionando en resistencia, RSI: 46.92, calidad A+, memoria permite operación, ubicación válida, MERCADO: TENDENCIA_BAJISTA - precio con avance bajista predominante, CALIDAD MERCADO: NORMAL score 70, TENDENCIA AVANZADA: BAJISTA_FUERTE fuerza 70.9, VALIDACIÓN MERCADO: PUT permitido a favor de tendencia bajista, ZONA SR: PUT permitido con cautela: soporte cerca, ACCION PRECIO: acción precio: PUT con soporte cerca sin ruptura confirmada, RUPTURA: sin ruptura confirmada de soporte"
2026-06-10 01:09:23,CERRADA,13975981522,AUS200-OTC,turbo,put,18,reacción vendedora en resistencia,44.65,17.0,"ESTRATEGIA: reacción vendedora en resistencia, PUT válido por reacción en resistencia, precio reaccionando en resistencia, RSI: 44.65, calidad A+, memoria permite operación, ubicación válida, MERCADO: TENDENCIA_BAJISTA - precio con avance bajista predominante, CALIDAD MERCADO: NORMAL score 68, TENDENCIA AVANZADA: BAJISTA_DEBIL fuerza 49.76, VALIDACIÓN MERCADO: PUT permitido a favor de tendencia bajista, ZONA SR: PUT permitido con cautela: soporte cerca, ACCION PRECIO: acción precio: PUT con soporte cerca sin ruptura confirmada, RUPTURA: falsa ruptura: perforó soporte pero no confirmó cierre"
2026-06-10 01:12:09,CERRADA,13975986915,FETUSD-OTC,turbo,call,18,reacción compradora en soporte,55.47,17.4,"ESTRATEGIA: reacción compradora en soporte, CALL válido por reacción en soporte, precio reaccionando en soporte, RSI: 55.47, calidad A+, memoria permite operación, ubicación válida, MERCADO: TENDENCIA_ALCISTA - precio con avance alcista predominante, CALIDAD MERCADO: NORMAL score 71, TENDENCIA AVANZADA: ALCISTA_DEBIL fuerza 48.34, VALIDACIÓN MERCADO: CALL permitido a favor de tendencia alcista, ZONA SR: CALL permitido con cautela: resistencia cerca, ACCION PRECIO: acción precio: CALL con resistencia cerca sin ruptura confirmada, RUPTURA: sin ruptura confirmada de resistencia"
2026-06-10 01:17:12,CERRADA,13975995069,INJUSD-OTC,turbo,put,21,reacción vendedora en resistencia,44.25,-20.0,"ESTRATEGIA: reacción vendedora en resistencia, PUT válido por reacción en resistencia, precio reaccionando en resistencia, RSI: 44.25, envolvente bajista, calidad A+, memoria permite operación, ubicación válida, MERCADO: TENDENCIA_BAJISTA - precio con avance bajista predominante, CALIDAD MERCADO: NORMAL score 66, TENDENCIA AVANZADA: BAJISTA_NORMAL fuerza 52.73, VALIDACIÓN MERCADO: PUT permitido a favor de tendencia bajista, ZONA SR: PUT permitido con cautela: soporte cerca, ACCION PRECIO: acción precio: PUT con soporte cerca sin ruptura confirmada, RUPTURA: falsa ruptura: perforó soporte pero no confirmó cierre"
2026-06-10 01:23:08,CERRADA,13976003571,SHIBUSD-OTC,turbo,put,18,reacción vendedora en resistencia,47.86,-20.0,"ESTRATEGIA: reacción vendedora en resistencia, PUT válido por reacción en resistencia, precio reaccionando en resistencia, RSI: 47.86, calidad A+, memoria permite operación, ubicación válida, MERCADO: TENDENCIA_BAJISTA - precio con avance bajista predominante, CALIDAD MERCADO: LIMPIO score 78, TENDENCIA AVANZADA: BAJISTA_NORMAL fuerza 67.4, VALIDACIÓN MERCADO: PUT permitido a favor de tendencia bajista, ZONA SR: PUT permitido con cautela: soporte cerca, ACCION PRECIO: acción precio: PUT con soporte cerca sin ruptura confirmada, RUPTURA: sin ruptura confirmada de soporte"
2026-06-10 01:26:18,CERRADA,13976008515,DOTUSD-OTC,binary,call,18,CHOCH alcista,62.07,17.0,"ESTRATEGIA: CHOCH alcista, CHOCH alcista: rompe estructura superior, EMA favorece compra, RSI: 62.07, CHOCH apoyado en soporte, calidad A, memoria permite operación, ubicación válida, MERCADO: TENDENCIA_ALCISTA - precio con avance alcista predominante, CALIDAD MERCADO: LIMPIO score 76, TENDENCIA AVANZADA: ALCISTA_FUERTE fuerza 80.5, VALIDACIÓN MERCADO: CHOCH permitido a favor de tendencia, ZONA SR: CALL permitido con cautela: resistencia cerca, ACCION PRECIO: acción precio: CALL con resistencia cerca sin ruptura confirmada, RUPTURA: sin ruptura confirmada de resistencia"
2026-06-10 01:29:13,CERRADA,13976012502,USDARS-OTC,turbo,call,21,reacción compradora en soporte,50.0,17.0,"ESTRATEGIA: reacción compradora en soporte, CALL válido por reacción en soporte, precio reaccionando en soporte, RSI: 50.0, morning star alcista, calidad A+, memoria permite operación, ubicación válida, MERCADO: RANGO - mercado mixto tratado como rango preventivo, CALIDAD MERCADO: NORMAL score 58, TENDENCIA AVANZADA: BAJISTA_NORMAL fuerza 53.66, VALIDACIÓN MERCADO: mercado permitido, ZONA SR: CALL permitido con cautela: resistencia cerca, ACCION PRECIO: acción precio: CALL con resistencia cerca sin ruptura confirmada, RUPTURA: sin ruptura confirmada de resistencia"
2026-06-10 01:29:24,CERRADA,13976012778,DOTUSD-OTC,turbo,call,18,reacción compradora en soporte,57.81,-20.0,"ESTRATEGIA: reacción compradora en soporte, CALL válido por reacción en soporte, precio reaccionando en soporte, RSI: 57.81, calidad A+, memoria permite operación, ubicación válida, MERCADO: TENDENCIA_ALCISTA - precio con avance alcista predominante, CALIDAD MERCADO: LIMPIO score 80, TENDENCIA AVANZADA: ALCISTA_FUERTE fuerza 76.79, VALIDACIÓN MERCADO: CALL permitido a favor de tendencia alcista, ZONA SR: CALL permitido: zona sin conflicto fuerte, ACCION PRECIO: acción precio: CALL sin conflicto fuerte de zona, RUPTURA: sin ruptura confirmada de resistencia"
2026-06-10 01:37:25,CERRADA,13976023851,AUDUSD-OTC,turbo,put,22,reacción vendedora en resistencia,54.55,17.0,"ESTRATEGIA: reacción vendedora en resistencia, PUT válido por reacción en resistencia, precio reaccionando en resistencia, RSI: 54.55, rechazo vendedor fuerte, pin bar bajista, calidad A+, memoria permite operación, ubicación válida, MERCADO: RANGO - mercado mixto tratado como rango preventivo, CALIDAD MERCADO: LIMPIO score 81, TENDENCIA AVANZADA: BAJISTA_NORMAL fuerza 60.13, VALIDACIÓN MERCADO: mercado permitido, ZONA SR: PUT permitido con cautela: soporte cerca, ACCION PRECIO: acción precio: PUT con soporte cerca sin ruptura confirmada, RUPTURA: sin ruptura confirmada de soporte"
2026-06-10 01:38:10,CERRADA,13976024761,ARBUSD-OTC,turbo,call,18,reacción compradora en soporte,56.73,-20.0,"ESTRATEGIA: reacción compradora en soporte, CALL válido por reacción en soporte, precio reaccionando en soporte, RSI: 56.73, calidad A+, memoria permite operación, ubicación válida, MERCADO: TENDENCIA_ALCISTA - precio con avance alcista predominante, CALIDAD MERCADO: NORMAL score 73, TENDENCIA AVANZADA: ALCISTA_NORMAL fuerza 69.91, VALIDACIÓN MERCADO: CALL permitido a favor de tendencia alcista, ZONA SR: CALL permitido con cautela: resistencia cerca, ACCION PRECIO: acción precio: CALL con resistencia cerca sin ruptura confirmada, RUPTURA: falsa ruptura: perforó resistencia pero no confirmó cierre"
2026-06-10 01:44:21,CERRADA,13976034621,KLARNA-OTC,binary,put,21,reacción vendedora en resistencia,48.73,17.0,"ESTRATEGIA: reacción vendedora en resistencia, PUT válido por reacción en resistencia, precio reaccionando en resistencia, RSI: 48.73, envolvente bajista, calidad A+, memoria permite operación, ubicación válida, MERCADO: TENDENCIA_BAJISTA - precio con avance bajista predominante, CALIDAD MERCADO: NORMAL score 64, TENDENCIA AVANZADA: BAJISTA_NORMAL fuerza 63.01, VALIDACIÓN MERCADO: PUT permitido a favor de tendencia bajista, ZONA SR: PUT permitido con cautela: soporte cerca, ACCION PRECIO: acción precio: PUT con soporte cerca sin ruptura confirmada, RUPTURA: sin ruptura confirmada de soporte"
2026-06-10 01:50:11,CERRADA,13976043455,SP500-OTC,turbo,call,21,reacción compradora en soporte,49.75,-20.0,"ESTRATEGIA: reacción compradora en soporte, CALL válido por reacción en soporte, precio reaccionando en soporte, RSI: 49.75, envolvente alcista, calidad A+, memoria permite operación, ubicación válida, MERCADO: RANGO - precio lateral o sin avance direccional fuerte, CALIDAD MERCADO: NORMAL score 74, TENDENCIA AVANZADA: BAJISTA_NORMAL fuerza 53.27, VALIDACIÓN MERCADO: mercado permitido, ZONA SR: CALL permitido con cautela: resistencia cerca, ACCION PRECIO: acción precio: CALL con resistencia cerca sin ruptura confirmada, RUPTURA: sin ruptura confirmada de resistencia"
2026-06-10 01:53:08,CERRADA,13976047485,FLOKIUSD-OTC,turbo,put,22,reacción vendedora en resistencia,43.94,-20.0,"ESTRATEGIA: reacción vendedora en resistencia, PUT válido por reacción en resistencia, precio reaccionando en resistencia, RSI: 43.94, rechazo vendedor fuerte, pin bar bajista, calidad A+, memoria permite operación, ubicación válida, MERCADO: TENDENCIA_BAJISTA - precio con avance bajista predominante, CALIDAD MERCADO: NORMAL score 63, TENDENCIA AVANZADA: BAJISTA_NORMAL fuerza 54.86, VALIDACIÓN MERCADO: PUT permitido a favor de tendencia bajista, ZONA SR: PUT permitido con cautela: soporte cerca, ACCION PRECIO: acción precio: PUT con soporte cerca sin ruptura confirmada, RUPTURA: sin ruptura confirmada de soporte"
2026-06-10 01:58:13,CERRADA,13976054364,SOLUSD-OTC,turbo,put,18,CHOCH bajista,38.32,-20.0,"ESTRATEGIA: CHOCH bajista, CHOCH bajista: rompe estructura inferior, EMA favorece venta, RSI: 38.32, CHOCH apoyado en resistencia, calidad A, memoria permite operación, ubicación válida, MERCADO: TENDENCIA_BAJISTA - precio con avance bajista predominante, CALIDAD MERCADO: NORMAL score 69, TENDENCIA AVANZADA: BAJISTA_NORMAL fuerza 63.39, VALIDACIÓN MERCADO: CHOCH permitido a favor de tendencia, ZONA SR: PUT permitido con cautela: soporte cerca, ACCION PRECIO: acción precio: PUT con soporte cerca sin ruptura confirmada, RUPTURA: sin ruptura confirmada de soporte"
2026-06-10 02:14:09,CERRADA,13976077221,XPDUSD-OTC,turbo,put,22,reacción vendedora en resistencia,49.3,17.0,"ESTRATEGIA: reacción vendedora en resistencia, PUT válido por reacción en resistencia, precio reaccionando en resistencia, RSI: 49.3, rechazo vendedor fuerte, shooting star bajista, calidad A+, memoria permite operación, ubicación válida, MERCADO: TENDENCIA_BAJISTA - precio con avance bajista predominante, CALIDAD MERCADO: NORMAL score 69, TENDENCIA AVANZADA: BAJISTA_NORMAL fuerza 66.96, VALIDACIÓN MERCADO: PUT permitido a favor de tendencia bajista, ZONA SR: PUT permitido con cautela: soporte cerca, ACCION PRECIO: acción precio: PUT con soporte cerca sin ruptura confirmada, RUPTURA: sin ruptura confirmada de soporte"
2026-06-10 07:39:09,CERRADA,13976558485,USDMYR-OTC,turbo,call,18,reacción compradora en soporte,57.08,-20.0,"ESTRATEGIA: reacción compradora en soporte, CALL válido por reacción en soporte, precio reaccionando en soporte, RSI: 57.08, calidad A+, memoria permite operación, ubicación válida, MERCADO: TENDENCIA_ALCISTA - precio con avance alcista predominante, CALIDAD MERCADO: NORMAL score 73, TENDENCIA AVANZADA: ALCISTA_FUERTE fuerza 72.45, VALIDACIÓN MERCADO: CALL permitido a favor de tendencia alcista, ZONA SR: CALL permitido con cautela: resistencia cerca, ACCION PRECIO: acción precio: CALL con resistencia cerca sin ruptura confirmada, RUPTURA: sin ruptura confirmada de resistencia"
2026-06-10 07:43:29,CERRADA,13976566427,MSFT-OTC,turbo,put,18,reacción vendedora en resistencia,42.18,17.2,"ESTRATEGIA: reacción vendedora en resistencia, PUT válido por reacción en resistencia, precio reaccionando en resistencia, RSI: 42.18, calidad A+, memoria permite operación, ubicación válida, MERCADO: TENDENCIA_BAJISTA - precio con avance bajista predominante, CALIDAD MERCADO: NORMAL score 68, TENDENCIA AVANZADA: BAJISTA_NORMAL fuerza 60.7, VALIDACIÓN MERCADO: PUT permitido a favor de tendencia bajista, ZONA SR: PUT permitido con cautela: soporte cerca, ACCION PRECIO: acción precio: PUT con soporte cerca sin ruptura confirmada, RUPTURA: sin ruptura confirmada de soporte"
2026-06-10 07:45:09,CERRADA,13976569121,CADCHF-OTC,turbo,put,24,liquidity sweep bajista,54.9,17.2,"ESTRATEGIA: liquidity sweep bajista, liquidity sweep bajista: barrida de máximos, barrida de máximos con rechazo, RSI: 54.9, rechazo en zona de resistencia, rechazo vendedor fuerte, pin bar bajista, calidad A+, memoria permite operación, ubicación válida, MERCADO: RANGO - mercado mixto tratado como rango preventivo, CALIDAD MERCADO: NORMAL score 63, TENDENCIA AVANZADA: BAJISTA_NORMAL fuerza 66.19, VALIDACIÓN MERCADO: sweep permitido con confirmación suficiente, ZONA SR: PUT permitido con cautela: soporte cerca, ACCION PRECIO: acción precio: PUT con soporte cerca sin ruptura confirmada, RUPTURA: sin ruptura confirmada de soporte"
2026-06-10 09:49:13,CERRADA,13976839408,USDCHF-OTC,turbo,put,18,CHOCH bajista,37.93,17.2,"ESTRATEGIA: CHOCH bajista, CHOCH bajista: rompe estructura inferior, EMA favorece venta, RSI: 37.93, CHOCH apoyado en resistencia, calidad A, memoria permite operación, ubicación válida, MERCADO: TENDENCIA_BAJISTA - precio con avance bajista predominante, CALIDAD MERCADO: NORMAL score 60, TENDENCIA AVANZADA: BAJISTA_NORMAL fuerza 68.8, VALIDACIÓN MERCADO: CHOCH permitido a favor de tendencia, ZONA SR: PUT permitido con cautela: soporte cerca, ACCION PRECIO: acción precio: PUT con soporte cerca sin ruptura confirmada, RUPTURA: sin ruptura confirmada de soporte"
2026-06-10 09:58:27,CERRADA,13976861704,AUDNZD-OTC,turbo,put,20,reacción vendedora en resistencia,44.19,-20.0,"ESTRATEGIA: reacción vendedora en resistencia, PUT válido por reacción en resistencia, precio reaccionando en resistencia, RSI: 44.19, pin bar bajista, calidad A+, memoria permite operación, ubicación válida, MERCADO: TENDENCIA_BAJISTA - precio con avance bajista predominante, CALIDAD MERCADO: NORMAL score 64, TENDENCIA AVANZADA: BAJISTA_NORMAL fuerza 50.55, VALIDACIÓN MERCADO: PUT permitido a favor de tendencia bajista, ZONA SR: PUT permitido con cautela: soporte cerca, ACCION PRECIO: acción precio: PUT con soporte cerca sin ruptura confirmada, RUPTURA: sin ruptura confirmada de soporte"
2026-06-10 09:59:07,CERRADA,13976863185,IMXUSD-OTC,turbo,call,22,reacción compradora en soporte,34.2,17.2,"ESTRATEGIA: reacción compradora en soporte, CALL válido por reacción en soporte, precio reaccionando en soporte, RSI: 34.2, rechazo comprador fuerte, pin bar alcista, calidad A+, memoria permite operación, ubicación válida, MERCADO: TENDENCIA_BAJISTA - precio con avance bajista predominante, CALIDAD MERCADO: NORMAL score 72, TENDENCIA AVANZADA: BAJISTA_NORMAL fuerza 66.79, VALIDACIÓN MERCADO: CALL contra tendencia permitido por agotamiento bajista, ZONA SR: CALL permitido con cautela: resistencia cerca, ACCION PRECIO: acción precio: CALL con resistencia cerca sin ruptura confirmada, RUPTURA: sin ruptura confirmada de resistencia"
2026-06-10 10:02:19,CERRADA,13976871436,SNAP-OTC,turbo,put,24,reacción vendedora en resistencia,60.38,17.2,"ESTRATEGIA: reacción vendedora en resistencia, PUT válido por reacción en resistencia, precio reaccionando en resistencia, RSI: 60.38, rechazo vendedor fuerte, pin bar bajista, liquidity sweep bajista: barrida de máximos, calidad A+, memoria permite operación, ubicación válida, MERCADO: RANGO - precio lateral o sin avance direccional fuerte, CALIDAD MERCADO: NORMAL score 68, TENDENCIA AVANZADA: BAJISTA_DEBIL fuerza 46.71, VALIDACIÓN MERCADO: mercado permitido, ZONA SR: PUT permitido con cautela: soporte cerca, ACCION PRECIO: acción precio: PUT con soporte cerca sin ruptura confirmada, RUPTURA: sin ruptura confirmada de soporte"
2026-06-10 10:06:15,CERRADA,13976880896,USDSEK-OTC,binary,call,18,reacción compradora en soporte,52.41,17.2,"ESTRATEGIA: reacción compradora en soporte, CALL válido por reacción en soporte, precio reaccionando en soporte, RSI: 52.41, calidad A+, memoria permite operación, ubicación válida, MERCADO: TENDENCIA_ALCISTA - precio con avance alcista predominante, CALIDAD MERCADO: NORMAL score 69, TENDENCIA AVANZADA: ALCISTA_NORMAL fuerza 66.17, VALIDACIÓN MERCADO: CALL permitido a favor de tendencia alcista, ZONA SR: CALL permitido con cautela: resistencia cerca, ACCION PRECIO: acción precio: CALL con resistencia cerca sin ruptura confirmada, RUPTURA: sin ruptura confirmada de resistencia"
2026-06-10 10:06:16,CERRADA,13976880932,TRUMPUSD-OTC,turbo,call,18,reacción compradora en soporte,50.18,-20.0,"ESTRATEGIA: reacción compradora en soporte, CALL válido por reacción en soporte, precio reaccionando en soporte, RSI: 50.18, calidad A+, memoria permite operación, ubicación válida, MERCADO: TENDENCIA_ALCISTA - precio con avance alcista predominante, CALIDAD MERCADO: NORMAL score 69, TENDENCIA AVANZADA: ALCISTA_NORMAL fuerza 66.52, VALIDACIÓN MERCADO: CALL permitido a favor de tendencia alcista, ZONA SR: CALL permitido con cautela: resistencia cerca, ACCION PRECIO: acción precio: CALL con resistencia cerca sin ruptura confirmada, RUPTURA: sin ruptura confirmada de resistencia"
2026-06-10 10:25:10,CERRADA,13976929726,APPLE-OTC,binary,put,18,CHOCH bajista,36.72,17.2,"ESTRATEGIA: CHOCH bajista, CHOCH bajista: rompe estructura inferior, EMA favorece venta, RSI: 36.72, CHOCH apoyado en resistencia, calidad A, memoria permite operación, ubicación válida, MERCADO: TENDENCIA_BAJISTA - precio con avance bajista predominante, CALIDAD MERCADO: LIMPIO score 75, TENDENCIA AVANZADA: BAJISTA_NORMAL fuerza 50.32, VALIDACIÓN MERCADO: CHOCH permitido a favor de tendencia, ZONA SR: PUT permitido con cautela: soporte cerca, ACCION PRECIO: acción precio: PUT con soporte cerca sin ruptura confirmada, RUPTURA: sin ruptura confirmada de soporte"
2026-06-10 10:36:08,CERRADA,13976957635,XAUUSD-OTC,turbo,put,18,reacción vendedora en resistencia,42.89,17.2,"ESTRATEGIA: reacción vendedora en resistencia, PUT válido por reacción en resistencia, precio reaccionando en resistencia, RSI: 42.89, calidad A+, memoria permite operación, ubicación válida, MERCADO: TENDENCIA_BAJISTA - precio con avance bajista predominante, CALIDAD MERCADO: LIMPIO score 76, TENDENCIA AVANZADA: BAJISTA_NORMAL fuerza 53.9, VALIDACIÓN MERCADO: PUT permitido a favor de tendencia bajista, ZONA SR: PUT permitido con cautela: soporte cerca, ACCION PRECIO: acción precio: PUT con soporte cerca sin ruptura confirmada, RUPTURA: sin ruptura confirmada de soporte"
2026-06-10 10:47:05,CERRADA,13976986348,AMAZON-OTC,turbo,put,20,reacción vendedora en resistencia,43.28,-20.0,"ESTRATEGIA: reacción vendedora en resistencia, PUT válido por reacción en resistencia, precio reaccionando en resistencia, RSI: 43.28, rechazo vendedor fuerte, calidad A+, memoria permite operación, ubicación válida, MERCADO: TENDENCIA_BAJISTA - precio con avance bajista predominante, CALIDAD MERCADO: NORMAL score 60, TENDENCIA AVANZADA: BAJISTA_NORMAL fuerza 68.42, VALIDACIÓN MERCADO: PUT permitido a favor de tendencia bajista, ZONA SR: PUT permitido con cautela: soporte cerca, ACCION PRECIO: acción precio: PUT con soporte cerca sin ruptura confirmada, RUPTURA: sin ruptura confirmada de soporte"
2026-06-10 10:47:16,CERRADA,13976986923,DASHUSD-OTC,turbo,call,18,reacción compradora en soporte,54.71,17.2,"ESTRATEGIA: reacción compradora en soporte, CALL válido por reacción en soporte, precio reaccionando en soporte, RSI: 54.71, calidad A+, memoria permite operación, ubicación válida, MERCADO: TENDENCIA_ALCISTA - precio con avance alcista predominante, CALIDAD MERCADO: NORMAL score 72, TENDENCIA AVANZADA: ALCISTA_NORMAL fuerza 51.28, VALIDACIÓN MERCADO: CALL permitido a favor de tendencia alcista, ZONA SR: CALL permitido con cautela: resistencia cerca, ACCION PRECIO: acción precio: CALL con resistencia cerca sin ruptura confirmada, RUPTURA: falsa ruptura: perforó resistencia pero no confirmó cierre"
2026-06-10 10:51:16,CERRADA,13976996808,USDBOB-OTC,turbo,put,22,reacción vendedora en resistencia,44.6,17.4,"ESTRATEGIA: reacción vendedora en resistencia, PUT válido por reacción en resistencia, precio reaccionando en resistencia, RSI: 44.6, rechazo vendedor fuerte, pin bar bajista, calidad A+, memoria permite operación, ubicación válida, MERCADO: TENDENCIA_BAJISTA - precio con avance bajista predominante, CALIDAD MERCADO: NORMAL score 64, TENDENCIA AVANZADA: BAJISTA_NORMAL fuerza 60.99, VALIDACIÓN MERCADO: PUT permitido a favor de tendencia bajista, ZONA SR: PUT permitido con cautela: soporte cerca, ACCION PRECIO: acción precio: PUT con soporte cerca sin ruptura confirmada, RUPTURA: sin ruptura confirmada de soporte"
2026-06-10 11:04:09,ABIERTA,13977030094,DASHUSD-OTC,turbo,call,18,CHOCH alcista,58.15,,"ESTRATEGIA: CHOCH alcista, CHOCH alcista: rompe estructura superior, EMA favorece compra, RSI: 58.15, CHOCH apoyado en soporte, calidad A, memoria permite operación, ubicación válida, MERCADO: TENDENCIA_ALCISTA - precio con avance alcista predominante, CALIDAD MERCADO: LIMPIO score 77, TENDENCIA AVANZADA: ALCISTA_NORMAL fuerza 50.78, VALIDACIÓN MERCADO: CHOCH permitido a favor de tendencia, ZONA SR: CALL permitido con cautela: resistencia cerca, ACCION PRECIO: acción precio: CALL con resistencia cerca sin ruptura confirmada, RUPTURA: sin ruptura confirmada de resistencia"
2026-06-10 11:30:31,ABIERTA,13977096992,USDARS-OTC,turbo,call,18,reacción compradora en soporte,57.58,,"ESTRATEGIA: reacción compradora en soporte, CALL válido por reacción en soporte, precio reaccionando en soporte, RSI: 57.58, calidad A+, memoria permite operación, ubicación válida, MERCADO: TENDENCIA_ALCISTA - precio con avance alcista predominante, CALIDAD MERCADO: NORMAL score 70, TENDENCIA AVANZADA: ALCISTA_DEBIL fuerza 45.42, VALIDACIÓN MERCADO: CALL permitido a favor de tendencia alcista, ZONA SR: CALL permitido con cautela: resistencia cerca, ACCION PRECIO: acción precio: CALL con resistencia cerca sin ruptura confirmada, RUPTURA: sin ruptura confirmada de resistencia"
